Attacker,Defender,Track,Outcome,Pit_Delta,Gap_Before,Tire_Delta,Def_Traffic_Gap,Att_Pit_Duration,Def_Pit_Duration,Track_Temp,Att_Hardness,Def_Hardness,Att_Compound,Def_Compound,Attacker_Lap,Defender_Lap,Target_Position
PER,SAI,Bahrain Grand Prix,fail,0.6280000000000001,2.883,2.0,20.308,24.917,24.289,27.0,1,2,SOFT,MEDIUM,43.0,44.0,2.0
ALO,OCO,Bahrain Grand Prix,success,-5.105,2.733,0.0,2.538,25.386,30.491,27.9,1,1,SOFT,SOFT,11.0,14.0,8.0
ALO,TSU,Bahrain Grand Prix,fail,0.37900000000000134,2.659,2.0,1.206,24.539,24.16,27.0,3,1,HARD,SOFT,42.0,44.0,10.0
HUL,LAT,Bahrain Grand Prix,fail,1.163999999999998,1.439,-6.0,7.937,25.799,24.635,26.7,2,2,MEDIUM,MEDIUM,44.0,45.0,17.0
RIC,HUL,Bahrain Grand Prix,success,-2.4269999999999996,2.067,-2.0,2.035,24.931,27.358,27.8,2,1,MEDIUM,SOFT,17.0,19.0,17.0
MSC,ALB,Bahrain Grand Prix,success,0.28200000000000003,2.826,-1.0,1.301,25.188,24.906,27.8,1,1,SOFT,SOFT,12.0,13.0,14.0
BOT,MAG,Saudi Arabian Grand Prix,unknown,0.40700000000000003,2.537,-20.0,8.926,22.789,22.382,27.6,3,3,HARD,HARD,35.0,37.0,7.0
GAS,BOT,Australian Grand Prix,fail,0.49599999999999866,-0.563,-1.0,0.196,18.909,18.413,36.8,2,2,MEDIUM,MEDIUM,21.0,22.0,14.0
PER,HAM,Australian Grand Prix,success,-0.5150000000000006,-0.524,-2.0,6.854,17.415,17.93,36.7,2,2,MEDIUM,MEDIUM,20.0,22.0,4.0
TSU,ZHO,Australian Grand Prix,success,0.05699999999999861,-0.598,-3.0,6.14,18.415,18.358,36.4,2,2,MEDIUM,MEDIUM,18.0,21.0,16.0
NOR,RIC,Australian Grand Prix,success,-0.5660000000000025,-0.754,-1.0,1.184,17.566,18.132,36.7,2,2,MEDIUM,MEDIUM,20.0,21.0,9.0
PER,LEC,Emilia Romagna Grand Prix,success,-1.4559999999999995,-0.935,-1.0,7.171,30.346,31.802,16.2,4,4,INTERMEDIATE,INTERMEDIATE,18.0,19.0,2.0
LEC,PER,Emilia Romagna Grand Prix,fail,0.3230000000000004,2.756,-2.0,19.292,30.059,29.736,16.9,2,2,MEDIUM,MEDIUM,49.0,50.0,2.0
VET,MAG,Emilia Romagna Grand Prix,success,-3.267999999999997,2.93,-1.0,9.126,30.486,33.754,16.2,4,4,INTERMEDIATE,INTERMEDIATE,17.0,18.0,7.0
ALO,GAS,Miami Grand Prix,fail,2.096,0.787,-1.0,9.325,21.596,19.5,46.5,2,2,MEDIUM,MEDIUM,15.0,16.0,7.0
MAG,MSC,Miami Grand Prix,success,-0.6739999999999995,-0.391,-2.0,0.596,19.736,20.41,45.6,2,2,MEDIUM,MEDIUM,12.0,14.0,12.0
SAI,TSU,Spanish Grand Prix,success,-0.8109999999999999,0.632,2.0,4.497,22.26,23.071,49.7,1,1,SOFT,SOFT,10.0,11.0,9.0
SAI,RIC,Spanish Grand Prix,success,0.142000000000003,1.537,-1.0,1.677,22.26,22.118,49.7,1,1,SOFT,SOFT,10.0,11.0,10.0
ALO,RIC,Spanish Grand Prix,success,0.2710000000000008,2.488,-4.0,1.677,22.389,22.118,49.7,1,1,SOFT,SOFT,10.0,11.0,10.0
TSU,MSC,Spanish Grand Prix,success,-0.5009999999999977,1.672,-3.0,4.804,23.071,23.572,49.7,1,1,SOFT,SOFT,11.0,12.0,8.0
RIC,MSC,Spanish Grand Prix,success,-1.4540000000000006,1.414,0.0,4.804,22.118,23.572,49.7,1,1,SOFT,SOFT,11.0,12.0,8.0
STR,GAS,Spanish Grand Prix,fail,-4.526,0.438,-3.0,3.068,23.398,27.924,49.4,1,2,SOFT,MEDIUM,27.0,29.0,14.0
ALO,NOR,Monaco Grand Prix,fail,-0.20599999999999952,-0.623,,14.192,24.501,24.707,27.6,5,4,WET,INTERMEDIATE,21.0,22.0,5.0
STR,GAS,Monaco Grand Prix,fail,-8.441000000000003,0.0,0.0,24.733,26.717,35.158,29.1,5,4,WET,INTERMEDIATE,1.0,2.0,18.0
STR,MSC,Monaco Grand Prix,fail,-0.7040000000000006,0.0,-3.0,16.419,26.717,27.421,29.1,5,5,WET,WET,1.0,4.0,17.0
ALB,ZHO,Monaco Grand Prix,fail,1.347999999999999,1.755,-1.0,0.64,26.948,25.6,27.1,5,5,WET,WET,18.0,19.0,17.0
OCO,HAM,Monaco Grand Prix,fail,0.43900000000000006,-0.177,,12.454,24.836,24.397,27.4,5,4,WET,INTERMEDIATE,21.0,22.0,8.0
MSC,ALB,Monaco Grand Prix,fail,9.892000000000003,0.391,-5.0,16.908,36.84,26.948,26.8,4,5,INTERMEDIATE,WET,17.0,18.0,19.0
MSC,ZHO,Monaco Grand Prix,fail,11.240000000000002,2.59,-6.0,0.64,36.84,25.6,26.8,4,5,INTERMEDIATE,WET,17.0,19.0,17.0
LAT,GAS,Monaco Grand Prix,fail,1.3639999999999972,0.0,0.0,24.733,36.522,35.158,29.1,5,4,WET,INTERMEDIATE,1.0,2.0,18.0
LAT,STR,Monaco Grand Prix,fail,3.7920000000000016,0.0,-1.0,4.287,36.522,32.73,29.1,5,5,WET,WET,1.0,2.0,19.0
LAT,MSC,Monaco Grand Prix,fail,9.100999999999999,0.0,-3.0,16.419,36.522,27.421,29.1,5,5,WET,WET,1.0,4.0,17.0
PER,VER,Azerbaijan Grand Prix,fail,1.911999999999999,2.358,-2.0,10.0,23.395,21.483,46.8,2,2,MEDIUM,MEDIUM,16.0,18.0,1.0
ALB,STR,Azerbaijan Grand Prix,success,-0.5019999999999989,0.625,-11.0,9.174,21.529,22.031,45.3,3,3,HARD,HARD,29.0,30.0,14.0
STR,ZHO,Canadian Grand Prix,fail,1.3230000000000004,-0.619,17.0,7.14,25.267,23.944,42.2,3,3,HARD,HARD,47.0,49.0,10.0
ALO,NOR,British Grand Prix,fail,-0.2680000000000007,2.089,-2.0,12.083,28.691,28.959,32.1,2,2,MEDIUM,MEDIUM,33.0,34.0,4.0
STR,GAS,British Grand Prix,fail,-1.004999999999999,0.79,1.0,3.664,28.638,29.643,31.6,2,1,MEDIUM,SOFT,15.0,16.0,13.0
MSC,RIC,British Grand Prix,success,-1.1169999999999973,0.335,-2.0,0.204,29.152,30.269,31.7,2,2,MEDIUM,MEDIUM,19.0,20.0,9.0
LAT,OCO,British Grand Prix,success,-1.5020000000000024,2.579,-3.0,3.602,28.787,30.289,31.7,1,1,SOFT,SOFT,19.0,22.0,7.0
LAT,STR,British Grand Prix,success,-1.311,-0.803,-6.0,5.686,28.45,29.761,30.3,2,3,MEDIUM,HARD,39.0,40.0,9.0
MAG,OCO,Austrian Grand Prix,fail,0.3930000000000007,2.159,-1.0,1.266,22.105,21.712,29.1,2,2,MEDIUM,MEDIUM,15.0,16.0,5.0
MAG,NOR,Austrian Grand Prix,success,-5.330000000000002,-0.509,-3.0,3.958,21.994,27.324,33.2,3,3,HARD,HARD,41.0,43.0,7.0
ALB,GAS,Austrian Grand Prix,success,-0.36100000000000065,0.679,-1.0,0.073,22.297,22.658,30.7,2,2,MEDIUM,MEDIUM,11.0,12.0,12.0
ZHO,ALO,Austrian Grand Prix,fail,1.0500000000000007,-0.358,-3.0,2.258,22.599,21.549,29.8,3,3,HARD,HARD,24.0,27.0,12.0
ZHO,TSU,Austrian Grand Prix,fail,0.9439999999999991,1.213,-2.0,0.071,22.599,21.655,29.8,3,3,HARD,HARD,24.0,26.0,13.0
RIC,NOR,Austrian Grand Prix,fail,-1.346,2.282,-2.0,2.444,21.362,22.708,29.8,2,2,MEDIUM,MEDIUM,12.0,14.0,8.0
NOR,MAG,Austrian Grand Prix,fail,0.602999999999998,2.866,-1.0,1.838,22.708,22.105,29.5,2,2,MEDIUM,MEDIUM,14.0,15.0,7.0
NOR,MSC,Austrian Grand Prix,success,0.5579999999999998,2.12,-2.0,4.01,22.708,22.15,29.5,2,2,MEDIUM,MEDIUM,14.0,16.0,6.0
MSC,OCO,Austrian Grand Prix,fail,0.7809999999999988,2.92,-1.0,20.505,22.923,22.142,33.5,3,3,HARD,HARD,43.0,44.0,5.0
RUS,MAG,Austrian Grand Prix,success,-0.277000000000001,1.678,3.0,4.273,21.717,21.994,33.2,3,3,HARD,HARD,40.0,41.0,8.0
RUS,NOR,Austrian Grand Prix,success,-5.607000000000003,0.963,0.0,3.958,21.717,27.324,33.2,3,3,HARD,HARD,40.0,43.0,7.0
BOT,GAS,Austrian Grand Prix,success,-5.322000000000003,1.78,5.0,1.804,22.278,27.6,33.2,3,3,HARD,HARD,39.0,40.0,14.0
ALB,VET,French Grand Prix,success,0.705999999999996,2.83,-3.0,1.376,37.345,36.639,54.9,2,2,MEDIUM,MEDIUM,18.0,19.0,12.0
LAT,LAT,French Grand Prix,unknown,12.020000000000003,0.0,16.0,43.233,37.02,25.0,56.0,3,2,HARD,MEDIUM,38.0,41.0,16.0
VER,HAM,Hungarian Grand Prix,success,-0.3309999999999995,0.984,-2.0,14.181,21.348,21.679,27.2,1,2,SOFT,MEDIUM,16.0,19.0,2.0
VER,RUS,Hungarian Grand Prix,success,-0.5259999999999998,2.264,-1.0,0.72,21.185,21.711,26.8,2,2,MEDIUM,MEDIUM,38.0,39.0,3.0
STR,VET,Hungarian Grand Prix,success,0.40199999999999747,-0.668,2.0,1.711,21.758,21.356,26.9,1,1,SOFT,SOFT,14.0,15.0,13.0
TSU,STR,Hungarian Grand Prix,fail,-0.16799999999999926,2.793,-4.0,0.473,21.59,21.758,26.9,1,1,SOFT,SOFT,13.0,14.0,15.0
GAS,MAG,Belgian Grand Prix,success,-3.9589999999999996,2.159,-1.0,0.869,22.831,26.79,36.6,2,2,MEDIUM,MEDIUM,10.0,11.0,16.0
STR,NOR,Belgian Grand Prix,success,-0.42600000000000193,-0.767,-4.0,0.018,23.24,23.666,36.6,2,3,MEDIUM,HARD,26.0,29.0,12.0
MAG,TSU,Belgian Grand Prix,fail,-0.8170000000000002,2.031,4.0,2.932,23.419,24.236,37.2,3,2,HARD,MEDIUM,27.0,30.0,11.0
ALB,RIC,Belgian Grand Prix,success,0.2519999999999989,-0.453,-2.0,1.468,23.334,23.082,36.6,2,2,MEDIUM,MEDIUM,10.0,12.0,8.0
RIC,STR,Belgian Grand Prix,success,-0.49099999999999966,-0.834,-4.0,7.827,23.082,23.573,34.9,2,2,MEDIUM,MEDIUM,12.0,15.0,6.0
NOR,RIC,Belgian Grand Prix,success,0.5169999999999995,2.743,-4.0,2.553,23.666,23.149,36.4,3,3,HARD,HARD,29.0,32.0,10.0
MSC,LAT,Belgian Grand Prix,success,0.02400000000000091,2.153,1.0,2.444,24.175,24.151,36.2,2,2,MEDIUM,MEDIUM,14.0,15.0,14.0
GAS,ZHO,Dutch Grand Prix,success,-0.8739999999999988,-0.175,2.0,1.032,18.795,19.669,33.4,1,1,SOFT,SOFT,11.0,12.0,15.0
ALO,TSU,Dutch Grand Prix,success,0.7689999999999984,0.254,-4.0,3.239,19.552,18.783,33.1,1,1,SOFT,SOFT,12.0,13.0,11.0
ALO,MSC,Dutch Grand Prix,success,-7.334,2.42,-1.0,5.436,19.552,26.886,33.1,1,2,SOFT,MEDIUM,12.0,13.0,10.0
STR,NOR,Dutch Grand Prix,fail,0.958000000000002,2.554,-1.0,11.307,20.233,19.275,33.2,1,2,SOFT,MEDIUM,16.0,17.0,5.0
MAG,VET,Dutch Grand Prix,fail,4.628,2.662,-7.0,8.421,23.786,19.158,33.0,2,2,MEDIUM,MEDIUM,34.0,35.0,14.0
RIC,ZHO,Dutch Grand Prix,fail,-0.03200000000000003,2.138,-1.0,1.032,19.637,19.669,33.4,1,1,SOFT,SOFT,11.0,12.0,15.0
RIC,MAG,Dutch Grand Prix,fail,6.0269999999999975,2.796,-4.0,4.193,20.394,14.367,33.2,1,1,SOFT,SOFT,55.0,56.0,15.0
OCO,ALO,Dutch Grand Prix,fail,5.822000000000001,-0.748,28.0,3.457,21.663,15.841,33.2,3,1,HARD,SOFT,56.0,57.0,8.0
OCO,NOR,Dutch Grand Prix,fail,0.4460000000000015,-0.496,25.0,3.152,21.663,21.217,33.2,3,1,HARD,SOFT,56.0,57.0,7.0
OCO,SAI,Dutch Grand Prix,fail,0.5019999999999989,1.704,24.0,9.824,21.663,21.161,33.2,3,3,HARD,HARD,56.0,57.0,6.0
MSC,BOT,Dutch Grand Prix,fail,0.7579999999999991,-0.219,2.0,0.081,21.805,21.047,33.4,2,1,MEDIUM,SOFT,33.0,34.0,14.0
MSC,VET,Dutch Grand Prix,success,1.5210000000000008,2.497,0.0,6.719,20.315,18.794,33.3,3,3,HARD,HARD,47.0,48.0,15.0
VET,ZHO,Dutch Grand Prix,fail,2.7139999999999986,2.421,-3.0,1.032,22.383,19.669,33.1,1,1,SOFT,SOFT,9.0,12.0,15.0
VET,RIC,Dutch Grand Prix,success,2.7459999999999987,0.371,-2.0,2.518,22.383,19.637,33.1,1,1,SOFT,SOFT,9.0,11.0,17.0
LAT,MAG,Dutch Grand Prix,fail,-0.44899999999999807,1.585,-1.0,9.631,20.318,20.767,33.0,1,2,SOFT,MEDIUM,13.0,14.0,12.0
GAS,RIC,Italian Grand Prix,fail,0.21000000000000085,0.945,-1.0,1.947,25.363,25.153,43.7,2,2,MEDIUM,MEDIUM,18.0,19.0,7.0
ALO,HAM,Italian Grand Prix,unknown,0.7160000000000011,2.878,-2.0,0.222,25.0,24.284,43.2,2,2,MEDIUM,MEDIUM,31.0,33.0,7.0
STR,TSU,Italian Grand Prix,success,0.2749999999999986,-0.932,0.0,0.193,24.269,23.994,43.7,2,2,MEDIUM,MEDIUM,18.0,19.0,12.0
ZHO,DEV,Italian Grand Prix,fail,0.7270000000000003,0.942,-1.0,1.565,25.364,24.637,43.7,2,1,MEDIUM,SOFT,18.0,19.0,9.0
VER,NOR,Singapore Grand Prix,fail,-1.1020000000000003,2.867,-1.0,9.885,29.413,30.515,28.2,4,4,INTERMEDIATE,INTERMEDIATE,35.0,36.0,3.0
LEC,PER,Singapore Grand Prix,fail,2.474999999999998,2.637,-1.0,10.0,32.016,29.541,28.0,4,4,INTERMEDIATE,INTERMEDIATE,34.0,35.0,1.0
HAM,VER,Singapore Grand Prix,fail,11.601000000000003,-0.316,-1.0,9.203,41.014,29.413,28.0,4,4,INTERMEDIATE,INTERMEDIATE,34.0,35.0,5.0
HAM,NOR,Singapore Grand Prix,fail,10.499000000000002,1.19,-2.0,9.885,41.014,30.515,28.0,4,4,INTERMEDIATE,INTERMEDIATE,34.0,36.0,3.0
STR,TSU,Japanese Grand Prix,success,0.11999999999999744,1.081,-1.0,4.392,23.877,23.757,18.3,4,4,INTERMEDIATE,INTERMEDIATE,19.0,20.0,11.0
ZHO,GAS,Japanese Grand Prix,success,0.28500000000000014,1.145,-3.0,5.068,24.32,24.035,18.3,4,4,INTERMEDIATE,INTERMEDIATE,18.0,19.0,16.0
NOR,MAG,Japanese Grand Prix,success,-0.6969999999999992,1.09,-1.0,2.208,24.902,25.599,18.5,5,5,WET,WET,6.0,7.0,11.0
GAS,NOR,United States Grand Prix,success,-0.3490000000000002,-0.657,-3.0,7.088,23.671,24.02,35.9,2,2,MEDIUM,MEDIUM,11.0,14.0,7.0
STR,LEC,United States Grand Prix,fail,1.1090000000000018,1.228,-2.0,10.0,25.419,24.31,36.2,2,2,MEDIUM,MEDIUM,15.0,18.0,1.0
ZHO,TSU,United States Grand Prix,fail,3.5820000000000007,0.398,-1.0,3.101,27.3,23.718,35.4,2,2,MEDIUM,MEDIUM,9.0,10.0,12.0
ZHO,RIC,United States Grand Prix,success,1.0839999999999996,-0.83,-1.0,2.495,27.3,26.216,35.4,2,2,MEDIUM,MEDIUM,9.0,10.0,13.0
HAM,VER,United States Grand Prix,success,-8.056999999999995,1.532,0.0,10.0,24.167,32.224,36.7,3,3,HARD,HARD,34.0,35.0,1.0
MSC,NOR,United States Grand Prix,fail,0.9390000000000001,0.739,-5.0,8.927,24.661,23.722,35.6,2,3,MEDIUM,HARD,33.0,34.0,7.0
RUS,PER,United States Grand Prix,fail,-0.2740000000000009,0.832,-1.0,10.0,24.517,24.791,36.5,3,3,HARD,HARD,36.0,38.0,1.0
BOT,GAS,United States Grand Prix,fail,1.3240000000000016,1.154,-1.0,7.41,24.995,23.671,35.6,2,2,MEDIUM,MEDIUM,10.0,11.0,8.0
TSU,NOR,Mexico City Grand Prix,fail,-0.1410000000000018,2.904,-2.0,0.097,22.493,22.634,38.9,1,2,SOFT,MEDIUM,29.0,31.0,10.0
LAT,MSC,Mexico City Grand Prix,fail,0.12700000000000244,1.809,-6.0,0.869,23.824,23.697,39.8,1,1,SOFT,SOFT,23.0,24.0,18.0
VER,ALB,São Paulo Grand Prix,fail,8.350000000000001,1.096,-5.0,1.539,31.754,23.404,46.1,2,2,MEDIUM,MEDIUM,23.0,25.0,11.0
PER,HAM,São Paulo Grand Prix,fail,-0.33000000000000185,2.552,5.0,13.213,23.272,23.602,40.6,2,2,MEDIUM,MEDIUM,47.0,48.0,2.0
ALO,ZHO,São Paulo Grand Prix,success,-0.9430000000000014,-0.587,-2.0,2.93,23.461,24.404,47.9,2,1,MEDIUM,SOFT,14.0,16.0,12.0
LAT,VER,São Paulo Grand Prix,fail,-2.899000000000001,0.069,4.0,0.872,28.855,31.754,46.3,2,2,MEDIUM,MEDIUM,20.0,23.0,14.0
STR,TSU,Abu Dhabi Grand Prix,success,0.18700000000000117,0.947,-1.0,2.783,21.774,21.587,33.7,2,2,MEDIUM,MEDIUM,13.0,14.0,11.0
GAS,DEV,Bahrain Grand Prix,success,0.921999999999997,-0.827,-2.0,0.78,25.906,24.984,30.8,1,1,SOFT,SOFT,9.0,11.0,17.0
GAS,HUL,Bahrain Grand Prix,success,-0.17100000000000293,1.911,-5.0,0.683,25.906,26.077,30.8,1,1,SOFT,SOFT,9.0,11.0,16.0
GAS,TSU,Bahrain Grand Prix,success,0.532,1.199,0.0,1.142,24.922,24.39,29.9,3,3,HARD,HARD,25.0,26.0,11.0
GAS,ALB,Bahrain Grand Prix,fail,0.03200000000000003,2.81,1.0,9.428,24.922,24.89,29.9,3,1,HARD,SOFT,25.0,26.0,10.0
STR,RUS,Bahrain Grand Prix,success,0.2339999999999982,2.096,-3.0,8.685,24.624,24.39,29.7,3,3,HARD,HARD,30.0,31.0,6.0
DEV,PIA,Bahrain Grand Prix,unknown,-0.015999999999998238,1.919,-2.0,3.109,24.984,25.0,30.6,1,1,SOFT,SOFT,11.0,13.0,16.0
TSU,ALB,Bahrain Grand Prix,fail,0.2339999999999982,2.976,-1.0,0.396,25.249,25.015,30.8,1,1,SOFT,SOFT,10.0,11.0,12.0
ALB,OCO,Bahrain Grand Prix,success,0.030999999999998806,2.537,-4.0,9.278,25.015,24.984,30.6,1,1,SOFT,SOFT,11.0,12.0,9.0
NOR,SAR,Bahrain Grand Prix,fail,7.155000000000001,-0.991,-2.0,5.147,32.749,25.594,30.8,1,1,SOFT,SOFT,10.0,12.0,10.0
NOR,ALB,Bahrain Grand Prix,fail,7.734000000000002,1.015,-1.0,0.396,32.749,25.015,30.8,1,1,SOFT,SOFT,10.0,11.0,12.0
RUS,ALO,Bahrain Grand Prix,fail,1.203000000000003,-0.468,-1.0,0.266,26.984,25.781,30.5,1,1,SOFT,SOFT,13.0,14.0,4.0
MAG,HUL,Saudi Arabian Grand Prix,success,-0.593,0.619,-3.0,0.622,20.922,21.515,31.7,2,2,MEDIUM,MEDIUM,8.0,11.0,13.0
ZHO,GAS,Saudi Arabian Grand Prix,fail,0.9840000000000018,2.418,-3.0,4.704,21.687,20.703,31.3,2,2,MEDIUM,MEDIUM,11.0,14.0,9.0
BOT,PER,Australian Grand Prix,success,3.875,0.0,0.0,12.582,21.671,17.796,34.4,1,2,SOFT,MEDIUM,1.0,2.0,18.0
VER,PER,Azerbaijan Grand Prix,fail,0.264999999999997,-0.613,-1.0,10.0,20.749,20.484,42.4,2,2,MEDIUM,MEDIUM,10.0,11.0,1.0
GAS,SAR,Azerbaijan Grand Prix,success,-0.7810000000000024,0.648,-3.0,1.83,20.281,21.062,43.3,2,2,MEDIUM,MEDIUM,5.0,8.0,17.0
ALB,PIA,Azerbaijan Grand Prix,fail,0.10899999999999821,1.671,-1.0,0.604,21.078,20.969,41.6,2,2,MEDIUM,MEDIUM,7.0,8.0,12.0
NOR,STR,Azerbaijan Grand Prix,fail,-2.780999999999999,2.504,-2.0,0.085,20.359,23.14,42.2,2,2,MEDIUM,MEDIUM,9.0,11.0,6.0
HAM,ALO,Azerbaijan Grand Prix,fail,-2.843,-0.658,-2.0,2.033,20.313,23.156,42.2,2,2,MEDIUM,MEDIUM,9.0,11.0,4.0
HAM,OCO,Miami Grand Prix,success,0.25,1.457,-2.0,6.048,22.187,21.937,34.6,3,3,HARD,HARD,37.0,39.0,6.0
GAS,RUS,Miami Grand Prix,fail,0.12399999999999878,2.935,-2.0,8.31,22.453,22.329,34.4,2,2,MEDIUM,MEDIUM,15.0,17.0,5.0
HUL,TSU,Miami Grand Prix,fail,0.9690000000000012,-0.859,-3.0,1.194,23.219,22.25,34.9,3,3,HARD,HARD,33.0,36.0,10.0
SAR,NOR,Miami Grand Prix,fail,24.828999999999997,-0.934,-2.0,3.407,48.906,24.077,33.7,2,1,MEDIUM,SOFT,2.0,4.0,19.0
SAR,PIA,Miami Grand Prix,fail,26.641,2.083,-3.0,0.151,48.906,22.265,33.7,2,1,MEDIUM,SOFT,2.0,5.0,18.0
MAG,PER,Monaco Grand Prix,fail,22.032000000000004,-0.713,52.0,10.676,51.078,29.046,31.3,3,4,HARD,INTERMEDIATE,56.0,57.0,17.0
DEV,NOR,Monaco Grand Prix,fail,-9.216999999999999,2.963,49.0,9.375,24.219,33.436,34.9,2,3,MEDIUM,HARD,53.0,54.0,11.0
HAM,SAI,Monaco Grand Prix,fail,0.2339999999999982,2.699,-2.0,7.418,24.468,24.234,38.4,2,3,MEDIUM,HARD,31.0,33.0,6.0
TSU,OCO,Spanish Grand Prix,success,-2.0459999999999994,2.833,2.0,0.179,22.047,24.093,30.2,3,2,HARD,MEDIUM,34.0,35.0,7.0
DEV,MAG,Spanish Grand Prix,success,0.4209999999999994,0.837,-1.0,0.215,22.499,22.078,31.8,1,1,SOFT,SOFT,9.0,10.0,14.0
ALB,BOT,Spanish Grand Prix,success,-0.5310000000000024,1.368,-13.0,2.172,23.531,24.062,30.1,3,3,HARD,HARD,37.0,39.0,18.0
BOT,MAG,Spanish Grand Prix,fail,1.796000000000003,-0.389,16.0,3.095,24.062,22.266,29.9,3,3,HARD,HARD,39.0,42.0,17.0
GAS,STR,Canadian Grand Prix,fail,3.7970000000000006,-0.421,-1.0,0.838,27.5,23.703,30.9,1,2,SOFT,MEDIUM,10.0,11.0,17.0
GAS,TSU,Canadian Grand Prix,success,-3.421999999999997,1.752,-10.0,2.849,24.109,27.531,30.7,3,3,HARD,HARD,33.0,34.0,17.0
ZHO,MAG,Canadian Grand Prix,success,2.608999999999998,1.257,-15.0,39.124,27.531,24.922,30.5,3,3,HARD,HARD,32.0,35.0,18.0
ZHO,TSU,Canadian Grand Prix,fail,0.0,0.806,-13.0,2.849,27.531,27.531,30.5,3,3,HARD,HARD,32.0,34.0,17.0
HUL,GAS,Canadian Grand Prix,success,0.0779999999999994,-0.949,-3.0,0.515,24.187,24.109,30.5,3,3,HARD,HARD,31.0,33.0,18.0
HUL,TSU,Canadian Grand Prix,success,-3.3439999999999976,1.37,-13.0,2.849,24.187,27.531,30.5,3,3,HARD,HARD,31.0,34.0,17.0
NOR,BOT,Canadian Grand Prix,fail,-0.4839999999999982,2.0,-13.0,2.69,23.562,24.046,32.3,3,3,HARD,HARD,35.0,36.0,11.0
SAI,LEC,Canadian Grand Prix,fail,-0.28100000000000236,1.782,-1.0,20.097,24.156,24.437,32.3,2,2,MEDIUM,MEDIUM,38.0,39.0,4.0
GAS,STR,Austrian Grand Prix,success,-2.483999999999998,1.673,-1.0,0.747,21.765,24.249,34.5,2,2,MEDIUM,MEDIUM,14.0,15.0,6.0
MAG,ALO,Austrian Grand Prix,fail,10.062000000000001,0.0,-1.0,2.696,26.593,16.531,32.1,3,3,HARD,HARD,1.0,2.0,6.0
MAG,HUL,Austrian Grand Prix,fail,9.905999999999999,0.0,-4.0,1.359,26.593,16.687,32.1,3,2,HARD,MEDIUM,1.0,2.0,7.0
MAG,NOR,Austrian Grand Prix,fail,8.530999999999999,0.0,-1.0,1.932,26.593,18.062,32.1,3,2,HARD,MEDIUM,1.0,2.0,5.0
MAG,DEV,Austrian Grand Prix,fail,1.2800000000000011,-0.782,7.0,2.865,22.233,20.953,31.7,3,3,HARD,HARD,34.0,37.0,15.0
DEV,SAR,Austrian Grand Prix,fail,-2.171000000000003,2.764,-2.0,0.168,21.031,23.202,34.1,2,2,MEDIUM,MEDIUM,12.0,14.0,15.0
TSU,MAG,Austrian Grand Prix,success,3.6560000000000024,0.0,0.0,2.923,29.312,25.656,32.1,2,2,MEDIUM,MEDIUM,1.0,2.0,19.0
TSU,DEV,Austrian Grand Prix,fail,12.359000000000002,0.0,-1.0,1.233,29.312,16.953,32.1,2,2,MEDIUM,MEDIUM,1.0,2.0,18.0
TSU,BOT,Austrian Grand Prix,fail,12.219000000000001,0.0,-1.0,2.002,29.312,17.093,32.1,2,3,MEDIUM,HARD,1.0,2.0,17.0
OCO,ALB,Austrian Grand Prix,fail,2.25,2.357,-1.0,6.616,30.437,28.187,31.4,3,3,HARD,HARD,40.0,41.0,10.0
RUS,GAS,Austrian Grand Prix,success,-6.155000000000001,1.943,-3.0,5.674,21.688,27.843,31.3,3,3,HARD,HARD,41.0,44.0,7.0
BOT,PIA,Austrian Grand Prix,fail,1.8910000000000018,0.963,13.0,1.105,31.797,29.906,32.8,3,3,HARD,HARD,21.0,22.0,17.0
BOT,TSU,Austrian Grand Prix,success,0.5620000000000012,2.112,-1.0,2.944,21.968,21.406,31.3,2,3,MEDIUM,HARD,40.0,43.0,14.0
PIA,TSU,Austrian Grand Prix,fail,2.5939999999999976,1.293,-14.0,1.366,29.906,27.312,32.5,3,3,HARD,HARD,22.0,23.0,15.0
GAS,ALO,British Grand Prix,fail,-0.12399999999999878,2.632,-3.0,11.403,28.5,28.624,31.4,2,2,MEDIUM,MEDIUM,31.0,33.0,4.0
PER,GAS,British Grand Prix,success,-0.43799999999999883,1.246,-3.0,0.537,28.062,28.5,32.8,2,2,MEDIUM,MEDIUM,28.0,31.0,6.0
NOR,PIA,Hungarian Grand Prix,success,0.3910000000000018,2.066,-3.0,11.419,21.547,21.156,49.9,2,2,MEDIUM,MEDIUM,17.0,18.0,2.0
LEC,SAI,Hungarian Grand Prix,success,-0.6090000000000018,1.85,-3.0,1.47,21.421,22.03,48.1,3,3,HARD,HARD,43.0,44.0,6.0
SAR,MAG,Hungarian Grand Prix,fail,1.2809999999999988,1.333,-1.0,0.414,23.999,22.718,49.3,2,2,MEDIUM,MEDIUM,13.0,14.0,12.0
GAS,OCO,Hungarian Grand Prix,unknown,0.0,0.0,-4.0,22.181,25.0,25.0,49.5,1,2,SOFT,MEDIUM,1.0,2.0,19.0
NOR,OCO,Belgian Grand Prix,success,1.9060000000000024,-0.904,-1.0,1.753,24.984,23.078,31.4,2,1,MEDIUM,SOFT,5.0,6.0,15.0
OCO,SAI,Belgian Grand Prix,success,-0.15700000000000003,1.803,-1.0,2.662,23.078,23.235,31.5,1,1,SOFT,SOFT,6.0,7.0,13.0
STR,GAS,Belgian Grand Prix,success,-0.3279999999999994,0.5,-3.0,1.263,25.328,25.656,27.4,2,1,MEDIUM,SOFT,20.0,23.0,8.0
GAS,TSU,Belgian Grand Prix,fail,2.907,-0.357,8.0,19.403,25.656,22.749,25.1,1,2,SOFT,MEDIUM,23.0,24.0,6.0
BOT,SAI,Belgian Grand Prix,success,0.15500000000000114,2.69,-1.0,2.662,23.39,23.235,31.5,1,1,SOFT,SOFT,6.0,7.0,13.0
BOT,MAG,Belgian Grand Prix,success,0.31400000000000006,2.052,-2.0,2.651,23.813,23.499,25.0,2,2,MEDIUM,MEDIUM,24.0,25.0,9.0
ZHO,SAR,Belgian Grand Prix,success,0.8129999999999988,1.337,-1.0,2.064,24.422,23.609,30.6,1,1,SOFT,SOFT,7.0,8.0,11.0
ALB,TSU,Belgian Grand Prix,success,2.391000000000002,2.721,-2.0,8.785,25.015,22.624,30.7,1,2,SOFT,MEDIUM,7.0,9.0,6.0
MAG,BOT,Belgian Grand Prix,success,0.25,2.284,-1.0,0.914,23.64,23.39,31.4,1,1,SOFT,SOFT,5.0,6.0,16.0
SAR,ZHO,Belgian Grand Prix,success,-0.06299999999999883,2.394,-2.0,0.464,23.968,24.031,25.0,2,2,MEDIUM,MEDIUM,24.0,25.0,14.0
SAI,SAR,Belgian Grand Prix,success,-0.37400000000000233,-0.982,-1.0,2.064,23.235,23.609,30.7,1,1,SOFT,SOFT,7.0,8.0,11.0
GAS,OCO,Dutch Grand Prix,success,6.062000000000001,0.0,-1.0,2.738,28.687,22.625,28.6,1,1,SOFT,SOFT,1.0,2.0,14.0
GAS,ALO,Dutch Grand Prix,fail,0.3279999999999994,2.47,-3.0,17.451,25.483,25.155,26.9,1,1,SOFT,SOFT,46.0,48.0,2.0
PER,NOR,Dutch Grand Prix,success,2.4849999999999994,0.0,-2.0,1.064,22.64,20.155,29.5,1,1,SOFT,SOFT,1.0,3.0,10.0
PER,RUS,Dutch Grand Prix,success,1.7650000000000006,0.0,-3.0,3.572,22.64,20.875,29.5,1,1,SOFT,SOFT,1.0,4.0,12.0
ALO,GAS,Dutch Grand Prix,success,0.514999999999997,1.832,-8.0,9.577,20.124,19.609,24.1,4,4,INTERMEDIATE,INTERMEDIATE,10.0,11.0,3.0
LEC,OCO,Dutch Grand Prix,success,10.046,0.0,-1.0,2.738,32.671,22.625,29.5,1,1,SOFT,SOFT,1.0,2.0,14.0
LEC,RUS,Dutch Grand Prix,success,11.796,0.0,-3.0,3.572,32.671,20.875,29.5,1,1,SOFT,SOFT,1.0,4.0,12.0
MAG,STR,Dutch Grand Prix,success,11.375,0.0,-3.0,3.441,31.39,20.015,28.6,1,1,SOFT,SOFT,1.0,4.0,18.0
MAG,TSU,Dutch Grand Prix,success,1.3900000000000006,1.634,-6.0,8.208,20.265,18.875,24.1,4,4,INTERMEDIATE,INTERMEDIATE,9.0,10.0,8.0
MAG,ZHO,Dutch Grand Prix,fail,0.20300000000000296,1.619,-1.0,5.494,20.609,20.406,25.6,1,2,SOFT,MEDIUM,35.0,37.0,12.0
ZHO,OCO,Dutch Grand Prix,success,0.43700000000000117,0.0,-1.0,2.738,23.062,22.625,28.6,1,1,SOFT,SOFT,1.0,2.0,14.0
ZHO,GAS,Dutch Grand Prix,fail,0.625,-0.508,-7.0,9.577,20.234,19.609,24.1,4,4,INTERMEDIATE,INTERMEDIATE,10.0,11.0,3.0
NOR,HAM,Dutch Grand Prix,success,-0.4839999999999982,-0.692,-3.0,1.057,18.859,19.343,24.9,1,1,SOFT,SOFT,42.0,45.0,8.0
NOR,OCO,Dutch Grand Prix,success,-2.2970000000000006,1.959,3.0,1.192,19.89,22.187,24.8,1,1,SOFT,SOFT,60.0,61.0,6.0
LAW,STR,Dutch Grand Prix,success,22.656,0.0,-3.0,3.441,42.671,20.015,28.6,1,1,SOFT,SOFT,1.0,4.0,18.0
BOT,MAG,Dutch Grand Prix,success,-3.905999999999999,1.052,-13.0,10.487,19.687,23.593,24.8,1,2,SOFT,MEDIUM,59.0,60.0,16.0
GAS,ZHO,Italian Grand Prix,fail,2.9849999999999994,1.59,-1.0,1.042,27.375,24.39,43.9,2,2,MEDIUM,MEDIUM,10.0,11.0,17.0
LEC,PER,Italian Grand Prix,success,0.0470000000000006,-0.793,-1.0,10.0,23.89,23.843,44.4,2,2,MEDIUM,MEDIUM,20.0,21.0,1.0
ZHO,SAR,Italian Grand Prix,success,-0.31299999999999883,1.39,-6.0,0.747,24.39,24.703,43.3,2,2,MEDIUM,MEDIUM,11.0,14.0,15.0
ZHO,LAW,Italian Grand Prix,fail,-0.015999999999998238,2.041,-5.0,0.71,24.39,24.406,43.3,2,2,MEDIUM,MEDIUM,11.0,13.0,15.0
NOR,PIA,Italian Grand Prix,success,-0.43700000000000117,0.829,-1.0,2.25,23.703,24.14,43.7,2,2,MEDIUM,MEDIUM,22.0,23.0,3.0
LAW,HUL,Italian Grand Prix,success,-1.6720000000000006,-0.79,-1.0,2.023,24.406,26.078,43.7,2,2,MEDIUM,MEDIUM,13.0,14.0,13.0
SAI,LEC,Italian Grand Prix,success,1.282,-0.63,-1.0,3.853,25.172,23.89,44.3,2,2,MEDIUM,MEDIUM,19.0,20.0,3.0
OCO,SAR,Japanese Grand Prix,success,-5.687999999999999,0.0,-1.0,1.08,26.968,32.656,43.9,2,2,MEDIUM,MEDIUM,1.0,2.0,17.0
TSU,LAW,Japanese Grand Prix,success,-0.2339999999999982,1.689,2.0,0.13,22.797,23.031,42.9,1,1,SOFT,SOFT,9.0,10.0,10.0
ZHO,SAR,Japanese Grand Prix,success,8.296,0.0,-1.0,1.08,40.952,32.656,43.9,1,2,SOFT,MEDIUM,1.0,2.0,17.0
HUL,TSU,Japanese Grand Prix,fail,0.6870000000000012,1.492,-4.0,0.202,23.484,22.797,43.1,1,1,SOFT,SOFT,8.0,9.0,12.0
BOT,SAR,Japanese Grand Prix,fail,23.078000000000003,0.0,-1.0,1.08,55.734,32.656,43.9,1,2,SOFT,MEDIUM,1.0,2.0,17.0
RUS,STR,Qatar Grand Prix,success,10.842999999999996,0.0,-3.0,0.284,39.702,28.859,37.4,2,2,MEDIUM,MEDIUM,1.0,3.0,16.0
RUS,MAG,Qatar Grand Prix,success,10.998999999999999,0.0,5.0,0.359,39.702,28.703,37.4,2,1,MEDIUM,SOFT,1.0,3.0,15.0
RUS,LAW,Qatar Grand Prix,success,10.389999999999997,0.0,5.0,0.813,39.702,29.312,37.4,2,1,MEDIUM,SOFT,1.0,3.0,17.0
ALO,PIA,Qatar Grand Prix,fail,-0.4209999999999994,2.815,-2.0,6.785,28.422,28.843,37.3,2,2,MEDIUM,MEDIUM,11.0,12.0,2.0
OCO,LEC,Qatar Grand Prix,fail,0.7349999999999994,2.347,-3.0,1.133,28.953,28.218,36.7,2,2,MEDIUM,MEDIUM,10.0,12.0,4.0
HUL,SAR,Qatar Grand Prix,unknown,3.625,-0.992,4.0,0.135,28.625,25.0,36.2,2,3,MEDIUM,HARD,39.0,40.0,17.0
SAR,HUL,United States Grand Prix,fail,1.2339999999999982,1.178,6.0,11.24,25.593,24.359,41.6,3,2,HARD,MEDIUM,32.0,34.0,12.0
HUL,STR,United States Grand Prix,fail,2.25,2.583,-1.0,0.033,26.687,24.437,41.6,3,3,HARD,HARD,19.0,20.0,10.0
BOT,ALB,United States Grand Prix,fail,0.7809999999999988,2.286,-1.0,10.166,25.046,24.265,41.4,3,3,HARD,HARD,28.0,29.0,11.0
ZHO,BOT,United States Grand Prix,fail,-0.3119999999999976,-0.544,0.0,1.862,24.734,25.046,41.4,3,3,HARD,HARD,27.0,28.0,13.0
SAR,MAG,Mexico City Grand Prix,success,0.2970000000000006,0.786,-1.0,1.069,23.953,23.656,47.0,2,2,MEDIUM,MEDIUM,22.0,23.0,13.0
TSU,NOR,Mexico City Grand Prix,fail,6.672000000000001,-0.741,-2.0,1.178,30.109,23.437,47.2,2,1,MEDIUM,SOFT,9.0,11.0,15.0
SAI,VER,Mexico City Grand Prix,fail,-0.3119999999999976,2.378,16.0,10.0,22.062,22.374,46.8,2,3,MEDIUM,HARD,30.0,33.0,1.0
BOT,ALB,Mexico City Grand Prix,fail,0.0,2.695,-2.0,4.102,23.671,23.671,46.5,2,3,MEDIUM,HARD,31.0,33.0,9.0
BOT,NOR,Mexico City Grand Prix,fail,1.093,2.23,9.0,3.715,23.671,22.578,46.5,2,3,MEDIUM,HARD,31.0,33.0,8.0
HAM,PER,São Paulo Grand Prix,success,0.2970000000000006,-0.418,-2.0,0.295,23.546,23.249,48.7,1,1,SOFT,SOFT,18.0,20.0,6.0
HUL,PIA,São Paulo Grand Prix,success,-4.250999999999998,0.0,0.0,1524.648,34.343,38.594,48.5,1,2,SOFT,MEDIUM,1.0,2.0,16.0
RUS,PER,São Paulo Grand Prix,fail,0.5010000000000012,1.947,-1.0,0.295,23.75,23.249,48.8,1,1,SOFT,SOFT,19.0,20.0,6.0
RUS,STR,São Paulo Grand Prix,success,0.06299999999999883,-0.556,-3.0,1.747,23.75,23.687,48.8,1,1,SOFT,SOFT,19.0,22.0,6.0
RUS,GAS,São Paulo Grand Prix,fail,0.28200000000000003,1.383,6.0,1.576,23.922,23.64,47.1,2,2,MEDIUM,MEDIUM,45.0,46.0,9.0
ZHO,BOT,São Paulo Grand Prix,fail,-0.12400000000000233,1.765,-3.0,2.015,24.016,24.14,48.9,1,1,SOFT,SOFT,15.0,18.0,11.0
PER,STR,Las Vegas Grand Prix,fail,11.483999999999998,0.0,-6.0,1.662,33.671,22.187,18.3,2,1,MEDIUM,SOFT,1.0,3.0,10.0
ALO,SAI,Las Vegas Grand Prix,fail,8.234000000000002,0.0,-2.0,4.625,29.39,21.156,18.3,2,2,MEDIUM,MEDIUM,1.0,3.0,16.0
SAR,HAM,Las Vegas Grand Prix,success,-3.6880000000000024,0.262,-2.0,4.937,21.406,25.094,17.9,2,3,MEDIUM,HARD,15.0,17.0,11.0
TSU,HUL,Las Vegas Grand Prix,fail,-1.8590000000000018,2.688,-2.0,2.165,20.578,22.437,17.9,1,2,SOFT,MEDIUM,10.0,12.0,17.0
HUL,MAG,Las Vegas Grand Prix,fail,0.8440000000000012,2.67,-2.0,0.99,22.437,21.593,17.8,2,2,MEDIUM,MEDIUM,12.0,14.0,15.0
RUS,LEC,Abu Dhabi Grand Prix,fail,0.8120000000000012,1.976,2.0,10.941,22.14,21.328,31.9,3,3,HARD,HARD,34.0,35.0,2.0
NOR,RUS,Abu Dhabi Grand Prix,fail,-0.5779999999999994,2.861,-1.0,3.491,21.562,22.14,31.7,3,3,HARD,HARD,33.0,34.0,3.0
PIA,RUS,Abu Dhabi Grand Prix,fail,-0.17199999999999704,1.52,-1.0,1.936,21.609,21.781,32.5,2,2,MEDIUM,MEDIUM,13.0,14.0,4.0
ALO,PIA,Abu Dhabi Grand Prix,fail,0.7339999999999982,1.255,-1.0,1.219,22.343,21.609,32.8,2,2,MEDIUM,MEDIUM,12.0,13.0,6.0
HAM,GAS,Abu Dhabi Grand Prix,success,-0.8439999999999976,0.618,-2.0,0.901,22.187,23.031,32.3,2,2,MEDIUM,MEDIUM,15.0,17.0,6.0
HAM,ALO,Abu Dhabi Grand Prix,success,0.21899999999999764,1.926,-5.0,2.763,22.031,21.812,31.7,3,3,HARD,HARD,35.0,36.0,4.0
OCO,GAS,Abu Dhabi Grand Prix,success,-0.9839999999999982,1.571,-2.0,0.901,22.047,23.031,32.3,2,2,MEDIUM,MEDIUM,15.0,17.0,6.0
MAG,RIC,Abu Dhabi Grand Prix,fail,1.0,2.475,-2.0,0.344,22.703,21.703,33.0,2,2,MEDIUM,MEDIUM,5.0,7.0,17.0
LEC,PER,Bahrain Grand Prix,fail,-0.4450000000000003,1.316,-1.0,1.118,24.048,24.493,23.4,1,1,SOFT,SOFT,11.0,12.0,3.0
NOR,LEC,Bahrain Grand Prix,fail,0.7190000000000012,2.561,-3.0,14.485,24.8,24.081,22.7,3,3,HARD,HARD,33.0,34.0,4.0
HAM,PIA,Bahrain Grand Prix,success,-0.6750000000000007,2.181,-1.0,6.624,24.119,24.794,22.7,3,3,HARD,HARD,33.0,34.0,5.0
PIA,NOR,Bahrain Grand Prix,fail,1.306000000000001,2.109,-1.0,7.385,25.416,24.11,23.6,1,1,SOFT,SOFT,12.0,13.0,3.0
STR,OCO,Bahrain Grand Prix,success,-0.33699999999999974,0.885,-1.0,0.462,24.354,24.691,23.5,1,1,SOFT,SOFT,9.0,10.0,16.0
RIC,ALB,Bahrain Grand Prix,success,0.08699999999999974,1.69,1.0,14.704,24.769,24.682,22.6,3,3,HARD,HARD,35.0,36.0,10.0
TSU,ALO,Bahrain Grand Prix,fail,-0.18900000000000006,2.486,-4.0,28.9,24.673,24.862,23.3,1,1,SOFT,SOFT,14.0,15.0,2.0
GAS,RIC,Bahrain Grand Prix,fail,5.2109999999999985,0.896,-4.0,1.56,29.802,24.591,23.6,1,1,SOFT,SOFT,12.0,13.0,10.0
STR,TSU,Australian Grand Prix,success,-0.7749999999999986,-0.949,0.0,5.864,17.75,18.525,38.9,2,2,MEDIUM,MEDIUM,8.0,9.0,9.0
TSU,STR,Australian Grand Prix,fail,-0.35199999999999676,2.561,-3.0,12.754,17.478,17.83,38.2,3,3,HARD,HARD,36.0,37.0,8.0
ALB,MAG,Australian Grand Prix,success,-0.6400000000000006,0.478,-1.0,4.841,17.573,18.213,39.3,2,2,MEDIUM,MEDIUM,6.0,7.0,15.0
ALB,OCO,Australian Grand Prix,success,-0.7399999999999984,-0.65,-3.0,1.318,17.573,18.313,39.3,2,2,MEDIUM,MEDIUM,6.0,9.0,13.0
RIC,ZHO,Australian Grand Prix,success,-0.8030000000000008,-0.524,-1.0,4.923,18.142,18.945,38.9,1,1,SOFT,SOFT,5.0,6.0,17.0
HAM,STR,Australian Grand Prix,fail,-0.20700000000000074,1.57,-2.0,1.941,17.543,17.75,39.3,1,2,SOFT,MEDIUM,7.0,8.0,12.0
HAM,RUS,Australian Grand Prix,fail,-0.40000000000000213,2.814,-1.0,2.574,17.543,17.943,39.3,1,2,SOFT,MEDIUM,7.0,8.0,11.0
PIA,ALO,Japanese Grand Prix,fail,0.44399999999999906,1.437,-1.0,0.213,23.445,23.001,36.7,2,1,MEDIUM,SOFT,12.0,13.0,5.0
HUL,ZHO,Japanese Grand Prix,success,-0.09600000000000009,0.651,-1.0,1.333,23.683,23.779,38.8,1,1,SOFT,SOFT,5.0,7.0,16.0
HUL,STR,Japanese Grand Prix,fail,1.279,-0.844,16.0,3.128,24.127,22.848,36.5,3,3,HARD,HARD,33.0,34.0,11.0
BOT,TSU,Japanese Grand Prix,success,1.5489999999999995,0.681,-3.0,4.895,24.683,23.134,38.8,1,1,SOFT,SOFT,6.0,7.0,10.0
STR,GAS,Chinese Grand Prix,fail,11.974000000000004,2.465,-6.0,0.396,34.703,22.729,28.9,2,3,MEDIUM,HARD,35.0,38.0,16.0
TSU,HAM,Chinese Grand Prix,success,0.7110000000000021,-0.771,-1.0,1.426,23.059,22.348,30.9,1,1,SOFT,SOFT,8.0,9.0,17.0
ALB,GAS,Chinese Grand Prix,success,-16.435000000000002,-0.607,-2.0,0.619,23.177,39.612,30.7,2,2,MEDIUM,MEDIUM,9.0,11.0,11.0
ZHO,HAM,Chinese Grand Prix,fail,0.8960000000000008,2.269,-1.0,1.426,23.244,22.348,30.9,2,1,MEDIUM,SOFT,8.0,9.0,17.0
HUL,OCO,Chinese Grand Prix,success,0.010999999999999233,-0.919,-1.0,1.847,22.995,22.984,30.9,2,2,MEDIUM,MEDIUM,8.0,9.0,13.0
HAM,OCO,Chinese Grand Prix,fail,-0.620000000000001,2.629,-2.0,0.671,22.549,23.169,29.6,2,3,MEDIUM,HARD,21.0,23.0,11.0
STR,HUL,Miami Grand Prix,fail,-0.06499999999999773,1.365,0.0,1.415,23.015,23.08,44.7,2,2,MEDIUM,MEDIUM,11.0,12.0,12.0
RUS,HAM,Miami Grand Prix,fail,0.7129999999999974,2.431,1.0,2.146,22.848,22.135,45.5,2,3,MEDIUM,HARD,24.0,26.0,7.0
TSU,HUL,Emilia Romagna Grand Prix,success,-0.04399999999999693,0.845,-1.0,2.68,29.763,29.807,39.4,2,2,MEDIUM,MEDIUM,12.0,13.0,9.0
RIC,TSU,Emilia Romagna Grand Prix,fail,0.36499999999999844,2.432,-1.0,0.201,30.128,29.763,39.6,2,2,MEDIUM,MEDIUM,11.0,12.0,11.0
GAS,SAR,Emilia Romagna Grand Prix,success,-0.5060000000000002,1.881,-9.0,3.067,30.576,31.082,42.4,3,3,HARD,HARD,30.0,31.0,16.0
ALO,BOT,Emilia Romagna Grand Prix,fail,1.0809999999999995,2.72,-1.0,2.18,31.355,30.274,40.7,1,2,SOFT,MEDIUM,7.0,8.0,19.0
HAM,VER,Monaco Grand Prix,fail,0.4250000000000007,1.442,-1.0,17.044,24.091,23.666,43.0,2,2,MEDIUM,MEDIUM,51.0,52.0,6.0
GAS,PER,Canadian Grand Prix,fail,0.17599999999999838,-0.605,-3.0,0.897,24.551,24.375,21.3,4,4,INTERMEDIATE,INTERMEDIATE,40.0,43.0,15.0
GAS,BOT,Canadian Grand Prix,fail,-0.2789999999999999,2.207,-27.0,3.932,24.551,24.83,21.3,4,4,INTERMEDIATE,INTERMEDIATE,40.0,42.0,16.0
MAG,PER,Canadian Grand Prix,fail,0.532,1.678,-2.0,0.897,24.907,24.375,22.3,4,4,INTERMEDIATE,INTERMEDIATE,41.0,43.0,15.0
MAG,SAI,Canadian Grand Prix,fail,0.6419999999999995,2.847,-2.0,2.048,24.907,24.265,22.3,4,4,INTERMEDIATE,INTERMEDIATE,41.0,43.0,14.0
RIC,ALB,Canadian Grand Prix,fail,-1.0670000000000002,2.999,-2.0,2.607,23.774,24.841,24.9,4,4,INTERMEDIATE,INTERMEDIATE,43.0,44.0,10.0
HAM,PIA,Canadian Grand Prix,fail,0.6539999999999999,0.641,-1.0,17.039,24.103,23.449,23.9,4,4,INTERMEDIATE,INTERMEDIATE,43.0,44.0,4.0
RUS,NOR,Canadian Grand Prix,fail,1.4839999999999982,-0.431,-1.0,10.0,25.459,23.975,25.9,4,4,INTERMEDIATE,INTERMEDIATE,45.0,47.0,1.0
BOT,RIC,Canadian Grand Prix,fail,1.0559999999999974,0.496,25.0,0.704,24.83,23.774,22.9,4,4,INTERMEDIATE,INTERMEDIATE,42.0,43.0,13.0
PIA,NOR,Canadian Grand Prix,fail,-0.5259999999999998,1.443,-2.0,10.0,23.449,23.975,25.7,4,4,INTERMEDIATE,INTERMEDIATE,44.0,47.0,1.0
PIA,RUS,Canadian Grand Prix,fail,-2.009999999999998,1.952,-1.0,4.054,23.449,25.459,25.7,4,4,INTERMEDIATE,INTERMEDIATE,44.0,45.0,3.0
SAI,HAM,Spanish Grand Prix,success,0.33999999999999986,0.758,-4.0,2.726,22.31,21.97,42.3,1,1,SOFT,SOFT,15.0,16.0,4.0
HUL,PER,Spanish Grand Prix,fail,0.4610000000000021,-0.568,-4.0,2.183,22.646,22.185,41.6,1,1,SOFT,SOFT,12.0,13.0,10.0
HUL,OCO,Spanish Grand Prix,fail,0.786999999999999,2.638,-4.0,7.662,22.646,21.859,41.6,1,1,SOFT,SOFT,12.0,13.0,9.0
ZHO,MAG,Spanish Grand Prix,success,-0.9209999999999994,1.393,-1.0,0.467,22.465,23.386,42.5,1,1,SOFT,SOFT,9.0,10.0,16.0
MAG,BOT,Spanish Grand Prix,fail,0.6389999999999993,1.349,-1.0,2.45,23.386,22.747,42.4,1,1,SOFT,SOFT,10.0,11.0,14.0
HAM,SAI,Austrian Grand Prix,fail,0.4480000000000004,2.294,-1.0,2.695,21.653,21.205,48.3,2,2,MEDIUM,MEDIUM,21.0,22.0,4.0
MAG,HUL,Austrian Grand Prix,success,-0.7970000000000006,1.598,-1.0,0.56,21.57,22.367,48.7,2,2,MEDIUM,MEDIUM,10.0,11.0,10.0
RIC,MAG,Austrian Grand Prix,fail,-0.8219999999999992,1.991,-1.0,0.463,20.914,21.736,46.3,3,3,HARD,HARD,37.0,38.0,10.0
GAS,OCO,Austrian Grand Prix,success,0.990000000000002,-0.937,-2.0,0.811,22.138,21.148,48.0,3,3,HARD,HARD,42.0,43.0,9.0
STR,TSU,Austrian Grand Prix,fail,0.04499999999999815,2.822,0.0,11.688,21.476,21.431,47.8,2,2,MEDIUM,MEDIUM,20.0,21.0,8.0
BOT,STR,Austrian Grand Prix,fail,0.4510000000000005,2.023,-2.0,0.163,21.927,21.476,47.6,2,2,MEDIUM,MEDIUM,19.0,20.0,11.0
BOT,STR,Austrian Grand Prix,fail,0.41100000000000136,2.214,0.0,0.232,21.937,21.526,48.0,3,2,HARD,MEDIUM,42.0,43.0,11.0
ALO,ALB,Austrian Grand Prix,success,-0.29100000000000037,-0.584,2.0,1.802,21.438,21.729,49.0,2,2,MEDIUM,MEDIUM,11.0,12.0,12.0
HAM,PIA,British Grand Prix,success,-0.6059999999999981,2.262,-1.0,10.0,28.989,29.595,21.2,2,2,MEDIUM,MEDIUM,27.0,28.0,1.0
HAM,NOR,British Grand Prix,success,-0.3240000000000016,1.935,-1.0,10.0,30.037,30.361,24.2,4,4,INTERMEDIATE,INTERMEDIATE,38.0,39.0,1.0
PIA,SAI,British Grand Prix,success,0.4140000000000015,0.967,-3.0,21.526,29.341,28.927,24.2,4,4,INTERMEDIATE,INTERMEDIATE,38.0,39.0,2.0
STR,ALO,British Grand Prix,success,-0.3230000000000004,1.242,-1.0,7.434,29.055,29.378,21.4,2,2,MEDIUM,MEDIUM,26.0,27.0,7.0
RIC,SAR,British Grand Prix,fail,0.5310000000000024,1.433,0.0,12.772,29.966,29.435,23.8,4,4,INTERMEDIATE,INTERMEDIATE,37.0,38.0,11.0
NOR,PIA,Hungarian Grand Prix,success,-0.5770000000000017,2.051,-1.0,10.0,21.279,21.856,46.6,3,3,HARD,HARD,45.0,47.0,1.0
PER,TSU,Hungarian Grand Prix,fail,-0.15500000000000114,1.975,-1.0,1.478,21.323,21.478,41.0,3,2,HARD,MEDIUM,28.0,29.0,8.0
RIC,ALB,Hungarian Grand Prix,success,-2.187000000000001,2.365,-2.0,0.065,21.394,23.581,41.0,3,3,HARD,HARD,28.0,29.0,15.0
ALB,ALO,Hungarian Grand Prix,fail,-0.45700000000000074,1.52,-3.0,0.557,22.081,22.538,46.7,1,1,SOFT,SOFT,6.0,7.0,8.0
MAG,RIC,Hungarian Grand Prix,success,0.8109999999999999,-0.517,-1.0,0.819,21.891,21.08,46.7,1,2,SOFT,MEDIUM,6.0,7.0,10.0
OCO,SAR,Hungarian Grand Prix,success,-0.045999999999999375,-0.647,-1.0,5.15,21.375,21.421,40.7,3,3,HARD,HARD,30.0,33.0,14.0
LEC,HAM,Belgian Grand Prix,fail,0.7289999999999992,2.421,-2.0,10.0,23.394,22.665,43.5,3,3,HARD,HARD,25.0,26.0,1.0
OCO,ALO,Belgian Grand Prix,fail,0.3309999999999995,2.727,-1.0,0.102,23.447,23.116,42.9,2,2,MEDIUM,MEDIUM,12.0,13.0,6.0
RIC,GAS,Belgian Grand Prix,success,-0.35999999999999943,1.572,-1.0,0.426,22.657,23.017,42.9,1,2,SOFT,MEDIUM,8.0,9.0,14.0
RIC,ALB,Belgian Grand Prix,success,-0.6489999999999974,0.798,-2.0,1.337,22.231,22.88,43.4,2,2,MEDIUM,MEDIUM,21.0,23.0,11.0
GAS,BOT,Belgian Grand Prix,success,-0.17900000000000205,-0.873,-2.0,0.501,23.017,23.196,43.1,2,2,MEDIUM,MEDIUM,9.0,11.0,11.0
BOT,OCO,Belgian Grand Prix,success,-0.25099999999999767,2.065,-1.0,0.374,23.196,23.447,43.3,2,2,MEDIUM,MEDIUM,11.0,12.0,8.0
HUL,RIC,Belgian Grand Prix,fail,0.8999999999999986,2.148,-1.0,0.123,23.557,22.657,42.6,2,1,MEDIUM,SOFT,7.0,8.0,17.0
RUS,PIA,Belgian Grand Prix,fail,0.0,1.018,-1.0,0.954,22.684,22.684,43.3,2,2,MEDIUM,MEDIUM,10.0,11.0,6.0
RUS,PER,Belgian Grand Prix,fail,0.0470000000000006,2.557,-1.0,0.472,22.684,22.637,43.3,2,2,MEDIUM,MEDIUM,10.0,11.0,5.0
LEC,RUS,Dutch Grand Prix,success,-0.8349999999999973,1.514,-1.0,1.691,20.821,21.656,31.5,2,2,MEDIUM,MEDIUM,24.0,25.0,4.0
ALB,BOT,Dutch Grand Prix,success,0.5429999999999993,2.205,-3.0,1.101,21.282,20.739,31.4,2,1,MEDIUM,SOFT,12.0,15.0,16.0
OCO,TSU,Dutch Grand Prix,success,0.11700000000000088,-0.314,12.0,2.522,21.033,20.916,31.8,2,2,MEDIUM,MEDIUM,30.0,32.0,13.0
NOR,LEC,Italian Grand Prix,success,-0.2469999999999999,0.953,-1.0,1.323,24.172,24.419,48.0,2,2,MEDIUM,MEDIUM,14.0,15.0,3.0
RUS,PER,Italian Grand Prix,fail,2.3000000000000007,0.539,10.0,8.677,26.309,24.009,45.7,3,3,HARD,HARD,33.0,35.0,7.0
RIC,MAG,Italian Grand Prix,fail,4.724,-0.372,-3.0,0.121,30.393,25.669,47.7,2,2,MEDIUM,MEDIUM,11.0,14.0,11.0
RIC,ALO,Italian Grand Prix,fail,5.518000000000001,1.098,-2.0,0.489,30.393,24.875,47.7,2,2,MEDIUM,MEDIUM,11.0,12.0,11.0
GAS,BOT,Italian Grand Prix,success,-0.2930000000000028,1.098,-14.0,7.421,24.182,24.475,46.1,3,3,HARD,HARD,30.0,33.0,15.0
BOT,STR,Italian Grand Prix,fail,0.1750000000000007,1.444,15.0,5.177,24.475,24.3,45.5,3,3,HARD,HARD,33.0,36.0,13.0
PER,PIA,Azerbaijan Grand Prix,fail,0.3200000000000003,2.063,-2.0,0.751,20.496,20.176,44.3,2,2,MEDIUM,MEDIUM,13.0,15.0,3.0
COL,ALO,Azerbaijan Grand Prix,fail,0.3780000000000001,1.474,-2.0,1.909,20.495,20.117,44.7,2,2,MEDIUM,MEDIUM,10.0,11.0,8.0
BOT,ZHO,Singapore Grand Prix,fail,1.059000000000001,2.376,-1.0,2.923,30.611,29.552,36.1,3,3,HARD,HARD,33.0,34.0,17.0
RIC,ALB,Singapore Grand Prix,fail,1.2489999999999988,2.278,-1.0,1.199,30.365,29.116,36.9,1,2,SOFT,MEDIUM,10.0,11.0,17.0
MAG,GAS,United States Grand Prix,success,-4.157,2.409,-1.0,9.174,24.034,28.191,47.6,2,2,MEDIUM,MEDIUM,17.0,18.0,6.0
HUL,ALO,São Paulo Grand Prix,fail,0.38500000000000156,2.503,-2.0,3.476,25.515,25.13,24.9,4,4,INTERMEDIATE,INTERMEDIATE,25.0,27.0,8.0
COL,SAI,São Paulo Grand Prix,fail,-0.7940000000000005,-0.743,-1.0,6.31,25.294,26.088,24.6,4,4,INTERMEDIATE,INTERMEDIATE,26.0,27.0,13.0
HAM,SAI,Las Vegas Grand Prix,success,0.5700000000000003,1.088,-3.0,8.1,21.411,20.841,17.1,3,3,HARD,HARD,27.0,28.0,3.0
SAI,LEC,Las Vegas Grand Prix,success,-0.7709999999999972,2.515,-4.0,21.533,20.841,21.612,17.1,3,3,HARD,HARD,28.0,31.0,2.0
NOR,GAS,Las Vegas Grand Prix,success,-1.3689999999999998,-0.112,-1.0,0.46,21.088,22.457,17.6,2,2,MEDIUM,MEDIUM,9.0,10.0,9.0
COL,STR,Las Vegas Grand Prix,success,-0.3620000000000019,1.889,-10.0,7.83,21.247,21.609,17.2,2,3,MEDIUM,HARD,26.0,28.0,14.0
OCO,HUL,Las Vegas Grand Prix,fail,-5.808,1.082,-3.0,1.586,15.747,21.555,17.6,2,2,MEDIUM,MEDIUM,11.0,14.0,5.0
GAS,BOT,Las Vegas Grand Prix,unknown,3.6720000000000006,1.67,-12.0,3.065,25.0,21.328,17.5,3,3,HARD,HARD,15.0,17.0,16.0
ALO,RUS,Qatar Grand Prix,fail,6.029,1.025,34.0,9.138,28.754,22.725,22.1,2,3,MEDIUM,HARD,35.0,36.0,7.0
ALO,RUS,Qatar Grand Prix,fail,-5.327999999999999,1.025,33.0,2.618,28.754,34.082,22.1,2,3,MEDIUM,HARD,35.0,37.0,7.0
ALO,RUS,Qatar Grand Prix,fail,-5.542999999999999,1.37,-1.0,2.618,28.539,34.082,22.2,3,3,HARD,HARD,36.0,37.0,7.0
ALB,TSU,Qatar Grand Prix,fail,-13.264,2.182,-1.0,2.606,22.633,35.897,22.1,1,3,SOFT,HARD,36.0,37.0,12.0
ZHO,RUS,Qatar Grand Prix,fail,7.0489999999999995,2.504,34.0,9.138,29.774,22.725,22.1,2,3,MEDIUM,HARD,35.0,36.0,7.0
ZHO,RUS,Qatar Grand Prix,fail,-4.308,2.504,33.0,2.618,29.774,34.082,22.1,2,3,MEDIUM,HARD,35.0,37.0,7.0
ZHO,ZHO,Qatar Grand Prix,fail,-11.543,0.0,-1.0,1.573,23.277,34.82,22.2,3,3,HARD,HARD,36.0,37.0,9.0
LAW,ALB,Qatar Grand Prix,fail,22.412000000000003,1.365,34.0,1.679,45.045,22.633,22.1,2,1,MEDIUM,SOFT,35.0,36.0,13.0
LAW,ALB,Qatar Grand Prix,fail,8.523000000000003,1.365,33.0,1.286,45.045,36.522,22.1,2,1,MEDIUM,SOFT,35.0,37.0,13.0
LAW,ALB,Qatar Grand Prix,fail,-13.756999999999998,2.653,-1.0,1.286,22.765,36.522,22.1,3,1,HARD,SOFT,36.0,37.0,13.0
NOR,VER,Qatar Grand Prix,fail,4.120999999999999,2.509,34.0,10.0,28.067,23.946,22.1,2,3,MEDIUM,HARD,35.0,36.0,1.0
NOR,VER,Qatar Grand Prix,fail,5.213999999999999,2.509,33.0,10.0,28.067,22.853,22.1,2,3,MEDIUM,HARD,35.0,37.0,1.0
STR,MAG,Abu Dhabi Grand Prix,success,-3.1469999999999985,1.575,0.0,3.562,23.265,26.412,31.5,2,2,MEDIUM,MEDIUM,11.0,12.0,9.0
MAG,ALO,Abu Dhabi Grand Prix,fail,2.664999999999999,2.818,-2.0,3.764,26.412,23.747,31.6,2,2,MEDIUM,MEDIUM,12.0,13.0,8.0
MAG,STR,Abu Dhabi Grand Prix,fail,-0.370000000000001,1.801,-5.0,0.472,21.64,22.01,30.8,3,3,HARD,HARD,29.0,32.0,12.0
VER,NOR,Australian Grand Prix,fail,0.5999999999999996,2.276,-1.0,10.0,13.453,12.853,19.2,4,4,INTERMEDIATE,INTERMEDIATE,2.0,3.0,1.0
VER,NOR,Australian Grand Prix,fail,0.6699999999999999,2.276,-2.0,10.0,13.453,12.783,19.2,4,4,INTERMEDIATE,INTERMEDIATE,2.0,4.0,1.0
VER,NOR,Australian Grand Prix,fail,1.0229999999999997,1.695,-1.0,10.0,13.806,12.783,19.2,4,4,INTERMEDIATE,INTERMEDIATE,3.0,4.0,1.0
GAS,ALB,Australian Grand Prix,fail,-2.0859999999999985,1.919,1.0,2.966,14.98,17.066,19.2,4,4,INTERMEDIATE,INTERMEDIATE,2.0,3.0,7.0
GAS,ALB,Australian Grand Prix,fail,0.6870000000000012,1.919,0.0,1.974,14.98,14.293,19.2,4,4,INTERMEDIATE,INTERMEDIATE,2.0,4.0,7.0
GAS,HAM,Australian Grand Prix,fail,-1.3619999999999983,1.123,-1.0,1.887,14.98,16.342,19.2,4,4,INTERMEDIATE,INTERMEDIATE,2.0,3.0,8.0
GAS,HAM,Australian Grand Prix,fail,0.13000000000000078,1.123,-2.0,1.741,14.98,14.85,19.2,4,4,INTERMEDIATE,INTERMEDIATE,2.0,4.0,8.0
GAS,HAM,Australian Grand Prix,fail,0.9879999999999995,2.636,-1.0,1.741,15.838,14.85,19.2,4,4,INTERMEDIATE,INTERMEDIATE,3.0,4.0,8.0
GAS,HAM,Australian Grand Prix,success,-1.184000000000001,0.534,-2.0,4.064,19.735,20.919,19.3,3,3,HARD,HARD,46.0,47.0,9.0
ANT,STR,Australian Grand Prix,fail,-1.2990000000000013,2.923,1.0,3.011,14.836,16.135,19.2,4,4,INTERMEDIATE,INTERMEDIATE,2.0,3.0,11.0
ANT,STR,Australian Grand Prix,fail,0.3670000000000009,2.923,1.0,3.138,14.836,14.469,19.2,4,4,INTERMEDIATE,INTERMEDIATE,2.0,4.0,11.0
ANT,HUL,Australian Grand Prix,fail,-1.1760000000000002,1.085,-1.0,1.894,14.836,16.012,19.2,4,4,INTERMEDIATE,INTERMEDIATE,2.0,3.0,12.0
ANT,HUL,Australian Grand Prix,fail,0.6340000000000003,1.085,-2.0,2.204,14.836,14.202,19.2,4,4,INTERMEDIATE,INTERMEDIATE,2.0,4.0,12.0
ANT,HUL,Australian Grand Prix,fail,2.2329999999999988,1.575,-1.0,2.204,16.435,14.202,19.2,4,4,INTERMEDIATE,INTERMEDIATE,3.0,4.0,12.0
ANT,LEC,Australian Grand Prix,success,-2.4989999999999988,2.943,-3.0,5.79,21.968,24.467,19.3,3,3,HARD,HARD,44.0,47.0,10.0
ANT,HAM,Australian Grand Prix,success,1.0489999999999995,2.096,-4.0,4.064,21.968,20.919,19.3,3,3,HARD,HARD,44.0,47.0,9.0
ALO,GAS,Australian Grand Prix,fail,1.6060000000000016,1.192,-1.0,2.219,16.338,14.732,19.2,4,4,INTERMEDIATE,INTERMEDIATE,3.0,4.0,9.0
LEC,RUS,Australian Grand Prix,fail,0.8580000000000005,2.885,-1.0,3.332,14.621,13.763,19.2,4,4,INTERMEDIATE,INTERMEDIATE,3.0,4.0,4.0
STR,ALO,Australian Grand Prix,fail,-0.6170000000000009,2.265,-1.0,1.542,15.721,16.338,19.2,4,4,INTERMEDIATE,INTERMEDIATE,2.0,3.0,10.0
STR,ALO,Australian Grand Prix,fail,0.6590000000000007,2.265,-2.0,1.714,15.721,15.062,19.2,4,4,INTERMEDIATE,INTERMEDIATE,2.0,4.0,10.0
STR,ALO,Australian Grand Prix,fail,1.0730000000000022,2.362,-3.0,1.714,16.135,15.062,19.2,4,4,INTERMEDIATE,INTERMEDIATE,3.0,4.0,10.0
TSU,LEC,Australian Grand Prix,fail,0.29100000000000037,2.101,-1.0,2.635,14.912,14.621,19.2,4,4,INTERMEDIATE,INTERMEDIATE,2.0,3.0,5.0
TSU,LEC,Australian Grand Prix,fail,0.6870000000000012,2.101,-2.0,1.962,14.912,14.225,19.2,4,4,INTERMEDIATE,INTERMEDIATE,2.0,4.0,5.0
ALB,TSU,Australian Grand Prix,fail,-0.23499999999999943,1.545,-1.0,3.847,14.91,15.145,19.2,4,4,INTERMEDIATE,INTERMEDIATE,2.0,3.0,6.0
ALB,TSU,Australian Grand Prix,fail,1.3559999999999999,1.545,-2.0,3.313,14.91,13.554,19.2,4,4,INTERMEDIATE,INTERMEDIATE,2.0,4.0,6.0
ALB,TSU,Australian Grand Prix,fail,3.5119999999999987,2.167,-3.0,3.313,17.066,13.554,19.2,4,4,INTERMEDIATE,INTERMEDIATE,3.0,4.0,6.0
HUL,STR,Australian Grand Prix,fail,-0.8260000000000023,1.838,1.0,3.011,15.309,16.135,19.2,4,4,INTERMEDIATE,INTERMEDIATE,2.0,3.0,11.0
HUL,STR,Australian Grand Prix,fail,0.8399999999999999,1.838,1.0,3.138,15.309,14.469,19.2,4,4,INTERMEDIATE,INTERMEDIATE,2.0,4.0,11.0
HUL,STR,Australian Grand Prix,fail,1.543000000000001,1.666,2.0,3.138,16.012,14.469,19.2,4,4,INTERMEDIATE,INTERMEDIATE,3.0,4.0,11.0
HUL,GAS,Australian Grand Prix,success,0.4280000000000008,2.405,-2.0,1.241,20.163,19.735,19.3,2,3,MEDIUM,HARD,44.0,46.0,11.0
LAW,OCO,Australian Grand Prix,fail,-3.503,2.559,-1.0,9.277,16.161,19.664,19.2,4,4,INTERMEDIATE,INTERMEDIATE,3.0,4.0,15.0
OCO,BOR,Australian Grand Prix,fail,-1.904,1.62,-1.0,1.98,14.459,16.363,19.2,4,4,INTERMEDIATE,INTERMEDIATE,2.0,3.0,14.0
OCO,BOR,Australian Grand Prix,fail,0.0519999999999996,1.62,-2.0,2.169,14.459,14.407,19.2,4,4,INTERMEDIATE,INTERMEDIATE,2.0,4.0,14.0
OCO,BOR,Australian Grand Prix,fail,2.1529999999999987,1.975,-1.0,2.169,16.56,14.407,19.2,4,4,INTERMEDIATE,INTERMEDIATE,3.0,4.0,14.0
HAM,TSU,Australian Grand Prix,fail,-0.41300000000000026,2.341,-1.0,3.847,14.732,15.145,19.2,4,4,INTERMEDIATE,INTERMEDIATE,2.0,3.0,6.0
HAM,TSU,Australian Grand Prix,fail,1.177999999999999,2.341,-2.0,3.313,14.732,13.554,19.2,4,4,INTERMEDIATE,INTERMEDIATE,2.0,4.0,6.0
HAM,ALB,Australian Grand Prix,fail,-2.3339999999999996,0.796,1.0,2.966,14.732,17.066,19.2,4,4,INTERMEDIATE,INTERMEDIATE,2.0,3.0,7.0
HAM,ALB,Australian Grand Prix,fail,0.43900000000000006,0.796,0.0,1.974,14.732,14.293,19.2,4,4,INTERMEDIATE,INTERMEDIATE,2.0,4.0,7.0
HAM,ALB,Australian Grand Prix,fail,2.0489999999999995,1.712,1.0,1.974,16.342,14.293,19.2,4,4,INTERMEDIATE,INTERMEDIATE,3.0,4.0,7.0
BOR,ANT,Australian Grand Prix,fail,-1.7929999999999993,1.763,-1.0,2.06,14.642,16.435,19.2,4,4,INTERMEDIATE,INTERMEDIATE,2.0,3.0,13.0
BOR,ANT,Australian Grand Prix,fail,0.5069999999999997,1.763,-2.0,1.526,14.642,14.135,19.2,4,4,INTERMEDIATE,INTERMEDIATE,2.0,4.0,13.0
BOR,HUL,Australian Grand Prix,fail,-1.370000000000001,2.848,-1.0,1.894,14.642,16.012,19.2,4,4,INTERMEDIATE,INTERMEDIATE,2.0,3.0,12.0
BOR,HUL,Australian Grand Prix,fail,0.4399999999999995,2.848,-2.0,2.204,14.642,14.202,19.2,4,4,INTERMEDIATE,INTERMEDIATE,2.0,4.0,12.0
BOR,ANT,Australian Grand Prix,fail,2.2279999999999998,1.435,-1.0,1.526,16.363,14.135,19.2,4,4,INTERMEDIATE,INTERMEDIATE,3.0,4.0,13.0
RUS,PIA,Australian Grand Prix,fail,1.4000000000000004,2.453,-1.0,1.748,14.201,12.801,19.2,4,4,INTERMEDIATE,INTERMEDIATE,3.0,4.0,3.0
PIA,VER,Australian Grand Prix,fail,-0.7599999999999998,1.465,-1.0,2.167,13.046,13.806,19.2,4,4,INTERMEDIATE,INTERMEDIATE,2.0,3.0,2.0
PIA,VER,Australian Grand Prix,fail,0.054999999999999716,1.465,-2.0,1.871,13.046,12.991,19.2,4,4,INTERMEDIATE,INTERMEDIATE,2.0,4.0,2.0
PIA,VER,Australian Grand Prix,fail,0.9660000000000011,1.628,-1.0,1.871,13.957,12.991,19.2,4,4,INTERMEDIATE,INTERMEDIATE,3.0,4.0,2.0
BEA,LAW,Australian Grand Prix,fail,-1.4590000000000014,0.461,-1.0,2.777,14.702,16.161,19.2,4,4,INTERMEDIATE,INTERMEDIATE,2.0,3.0,16.0
BEA,LAW,Australian Grand Prix,fail,-4.066999999999998,0.461,1.0,0.877,14.702,18.769,19.2,4,4,INTERMEDIATE,INTERMEDIATE,2.0,4.0,16.0
BEA,LAW,Australian Grand Prix,fail,-2.404,0.988,2.0,0.877,16.365,18.769,19.2,4,4,INTERMEDIATE,INTERMEDIATE,3.0,4.0,16.0
RUS,NOR,Chinese Grand Prix,success,0.08299999999999841,2.572,-1.0,10.0,22.285,22.202,34.2,2,2,MEDIUM,MEDIUM,14.0,15.0,1.0
OCO,HAD,Chinese Grand Prix,success,0.16499999999999915,1.101,-1.0,0.951,23.04,22.875,35.0,2,2,MEDIUM,MEDIUM,11.0,12.0,10.0
ANT,VER,Chinese Grand Prix,fail,0.31299999999999883,1.802,-1.0,5.418,22.787,22.474,34.5,2,2,MEDIUM,MEDIUM,12.0,13.0,6.0
TSU,ANT,Chinese Grand Prix,success,-0.31599999999999895,1.756,-1.0,0.972,22.471,22.787,35.0,2,2,MEDIUM,MEDIUM,11.0,12.0,8.0
TSU,STR,Chinese Grand Prix,fail,-0.4029999999999987,2.503,-12.0,1.478,22.492,22.895,33.0,3,3,HARD,HARD,35.0,36.0,8.0
HAM,RUS,Chinese Grand Prix,fail,0.07000000000000028,2.42,-1.0,1.603,22.355,22.285,34.4,2,2,MEDIUM,MEDIUM,13.0,14.0,4.0
HAM,LEC,Chinese Grand Prix,success,0.0730000000000004,-0.608,-2.0,5.22,22.355,22.282,34.4,2,2,MEDIUM,MEDIUM,13.0,15.0,2.0
GAS,OCO,Chinese Grand Prix,fail,0.0259999999999998,1.566,-1.0,1.788,23.066,23.04,35.0,2,2,MEDIUM,MEDIUM,10.0,11.0,13.0
PIA,NOR,Japanese Grand Prix,fail,-0.3019999999999996,2.52,-1.0,1.329,22.917,23.219,20.1,2,2,MEDIUM,MEDIUM,20.0,21.0,2.0
RUS,LEC,Japanese Grand Prix,fail,-0.015000000000000568,2.091,-2.0,6.199,23.219,23.234,20.1,2,2,MEDIUM,MEDIUM,19.0,21.0,3.0
TSU,GAS,Japanese Grand Prix,success,-1.940999999999999,0.644,-1.0,3.16,24.079,26.02,19.9,2,2,MEDIUM,MEDIUM,23.0,24.0,11.0
OCO,SAI,Japanese Grand Prix,fail,1.222999999999999,1.336,0.0,1.531,24.442,23.219,19.4,3,2,HARD,MEDIUM,32.0,33.0,12.0
BOR,OCO,Japanese Grand Prix,fail,-1.0829999999999984,1.245,-2.0,1.654,23.359,24.442,19.5,3,3,HARD,HARD,31.0,32.0,13.0
NOR,RUS,Bahrain Grand Prix,fail,5.675999999999998,0.975,-3.0,0.669,29.615,23.939,31.8,1,1,SOFT,SOFT,10.0,13.0,3.0
VER,ANT,Bahrain Grand Prix,success,1.666999999999998,1.198,-2.0,7.12,26.526,24.859,31.8,1,1,SOFT,SOFT,10.0,12.0,4.0
VER,ANT,Bahrain Grand Prix,fail,3.8249999999999993,2.184,1.0,1.04,28.242,24.417,31.1,3,2,HARD,MEDIUM,26.0,27.0,8.0
GAS,ANT,Bahrain Grand Prix,success,0.1629999999999967,-0.586,-2.0,7.12,25.022,24.859,31.8,1,1,SOFT,SOFT,10.0,12.0,4.0
OCO,DOO,Bahrain Grand Prix,success,0.14199999999999946,0.808,-1.0,1.219,24.947,24.805,32.0,1,1,SOFT,SOFT,8.0,9.0,12.0
BEA,ALB,Bahrain Grand Prix,success,-0.7809999999999988,1.648,-2.0,2.167,24.643,25.424,31.7,1,1,SOFT,SOFT,14.0,16.0,6.0
LAW,ALO,Bahrain Grand Prix,success,0.23400000000000176,1.702,-2.0,0.277,25.192,24.958,31.7,2,2,MEDIUM,MEDIUM,14.0,16.0,12.0
HUL,HAD,Bahrain Grand Prix,success,-1.1819999999999986,2.85,-1.0,0.73,24.103,25.285,31.8,1,1,SOFT,SOFT,5.0,6.0,18.0
PIA,VER,Saudi Arabian Grand Prix,success,-4.749000000000002,2.814,-2.0,10.0,21.301,26.05,37.7,2,2,MEDIUM,MEDIUM,19.0,21.0,1.0
ALO,LAW,Saudi Arabian Grand Prix,fail,1.439,1.441,0.0,6.951,21.987,20.548,37.7,2,2,MEDIUM,MEDIUM,19.0,20.0,10.0
ANT,VER,Miami Grand Prix,fail,1.9899999999999984,2.128,-1.0,1.642,24.43,22.44,37.7,2,2,MEDIUM,MEDIUM,25.0,26.0,4.0
ALB,RUS,Miami Grand Prix,fail,-2.235999999999997,0.757,-3.0,19.931,21.972,24.208,37.3,2,3,MEDIUM,HARD,26.0,29.0,3.0
LEC,SAI,Emilia Romagna Grand Prix,success,-0.5609999999999999,2.134,-1.0,1.24,29.587,30.148,43.2,2,2,MEDIUM,MEDIUM,10.0,11.0,11.0
SAI,ALO,Emilia Romagna Grand Prix,fail,-0.08899999999999864,0.789,-4.0,0.066,30.148,30.237,42.7,2,2,MEDIUM,MEDIUM,11.0,12.0,9.0
HAD,PIA,Emilia Romagna Grand Prix,fail,-0.31700000000000017,1.778,12.0,24.45,30.144,30.461,41.7,2,3,MEDIUM,HARD,29.0,30.0,2.0
OCO,HAM,Monaco Grand Prix,fail,2.1240000000000023,2.61,-2.0,23.165,25.64,23.516,45.2,2,3,MEDIUM,HARD,16.0,18.0,5.0
PIA,LEC,Monaco Grand Prix,fail,2.328000000000003,2.827,-2.0,1.195,25.859,23.531,44.0,2,2,MEDIUM,MEDIUM,20.0,22.0,3.0
ALO,GAS,Spanish Grand Prix,fail,-0.8820000000000014,2.447,-9.0,10.631,21.956,22.838,47.7,1,2,SOFT,MEDIUM,54.0,55.0,9.0
TSU,SAI,Spanish Grand Prix,success,-8.695,1.596,-1.0,2.421,21.855,30.55,49.4,2,1,MEDIUM,SOFT,8.0,9.0,16.0
ALB,BEA,Spanish Grand Prix,fail,8.852,-0.493,1.0,0.116,30.793,21.941,48.2,1,1,SOFT,SOFT,6.0,8.0,16.0
HUL,GAS,Spanish Grand Prix,fail,0.16600000000000037,1.827,-3.0,0.064,22.314,22.148,49.1,1,1,SOFT,SOFT,9.0,10.0,10.0
OCO,TSU,Spanish Grand Prix,success,0.6700000000000017,2.208,3.0,1.057,22.48,21.81,46.8,2,1,MEDIUM,SOFT,43.0,44.0,13.0
VER,RUS,Canadian Grand Prix,fail,0.33399999999999963,2.27,-1.0,1.001,23.678,23.344,50.1,2,2,MEDIUM,MEDIUM,12.0,13.0,7.0
VER,RUS,Canadian Grand Prix,fail,-1.154,2.668,4.0,10.0,18.188,19.342,49.5,3,3,HARD,HARD,67.0,68.0,1.0
VER,RUS,Canadian Grand Prix,fail,0.0,2.668,3.0,10.0,18.188,18.188,49.5,3,3,HARD,HARD,67.0,69.0,1.0
VER,RUS,Canadian Grand Prix,fail,0.9710000000000001,2.646,4.0,10.0,19.159,18.188,49.3,3,3,HARD,HARD,68.0,69.0,1.0
GAS,GAS,Canadian Grand Prix,fail,-0.010999999999999233,0.0,-1.0,1.3,18.204,18.215,49.5,2,2,MEDIUM,MEDIUM,66.0,67.0,15.0
GAS,GAS,Canadian Grand Prix,fail,0.07900000000000063,0.0,-2.0,2.0,18.204,18.125,49.5,2,2,MEDIUM,MEDIUM,66.0,68.0,15.0
GAS,COL,Canadian Grand Prix,fail,0.03500000000000014,2.581,-40.0,2.194,18.204,18.169,49.5,2,3,MEDIUM,HARD,66.0,67.0,13.0
GAS,COL,Canadian Grand Prix,fail,0.01699999999999946,2.581,-41.0,1.679,18.204,18.187,49.5,2,3,MEDIUM,HARD,66.0,68.0,13.0
GAS,BOR,Canadian Grand Prix,fail,-0.13400000000000034,0.684,-5.0,1.563,18.204,18.338,49.5,2,2,MEDIUM,MEDIUM,66.0,67.0,14.0
GAS,BOR,Canadian Grand Prix,fail,-0.10800000000000054,0.684,-6.0,1.759,18.204,18.312,49.5,2,2,MEDIUM,MEDIUM,66.0,68.0,14.0
ANT,VER,Canadian Grand Prix,fail,-0.9089999999999989,2.416,-2.0,1.153,18.25,19.159,49.5,3,3,HARD,HARD,67.0,68.0,2.0
ANT,VER,Canadian Grand Prix,fail,0.062000000000001165,2.416,-3.0,1.081,18.25,18.188,49.5,3,3,HARD,HARD,67.0,69.0,2.0
ALO,ALO,Canadian Grand Prix,fail,0.0849999999999973,0.0,-1.0,41.358,18.313,18.228,49.7,3,3,HARD,HARD,66.0,67.0,7.0
ALO,ALO,Canadian Grand Prix,fail,0.0,0.0,-2.0,30.062,18.313,18.313,49.7,3,3,HARD,HARD,66.0,68.0,7.0
ALO,ALO,Canadian Grand Prix,fail,0.07899999999999707,0.0,-3.0,28.901,18.313,18.234,49.7,3,3,HARD,HARD,66.0,69.0,7.0
LEC,NOR,Canadian Grand Prix,fail,0.22499999999999787,2.946,-1.0,4.713,23.488,23.263,49.9,3,3,HARD,HARD,28.0,29.0,5.0
STR,GAS,Canadian Grand Prix,fail,10.796999999999997,-0.855,-25.0,3.317,34.782,23.985,49.3,3,3,HARD,HARD,51.0,53.0,17.0
STR,GAS,Canadian Grand Prix,fail,5.606000000000002,2.087,1.0,1.3,23.821,18.215,49.5,2,2,MEDIUM,MEDIUM,66.0,67.0,15.0
STR,GAS,Canadian Grand Prix,fail,5.6960000000000015,2.087,0.0,2.0,23.821,18.125,49.5,2,2,MEDIUM,MEDIUM,66.0,68.0,15.0
STR,STR,Canadian Grand Prix,fail,5.511000000000003,0.0,14.0,2.998,23.821,18.31,49.5,2,1,MEDIUM,SOFT,66.0,67.0,17.0
STR,STR,Canadian Grand Prix,fail,5.462,0.0,13.0,1.911,23.821,18.359,49.5,2,1,MEDIUM,SOFT,66.0,68.0,17.0
STR,HAD,Canadian Grand Prix,fail,5.496000000000002,0.805,11.0,6.467,23.821,18.325,49.5,2,1,MEDIUM,SOFT,66.0,67.0,16.0
STR,HAD,Canadian Grand Prix,fail,5.524000000000001,0.805,10.0,2.635,23.821,18.297,49.5,2,1,MEDIUM,SOFT,66.0,68.0,16.0
STR,HAD,Canadian Grand Prix,fail,0.012999999999998124,2.715,-4.0,2.635,18.31,18.297,49.3,1,1,SOFT,SOFT,67.0,68.0,16.0
TSU,TSU,Canadian Grand Prix,fail,0.0030000000000001137,0.0,-1.0,2.776,18.25,18.247,49.5,2,2,MEDIUM,MEDIUM,66.0,67.0,12.0
TSU,TSU,Canadian Grand Prix,fail,0.0,0.0,-2.0,2.06,18.25,18.25,49.5,2,2,MEDIUM,MEDIUM,66.0,68.0,12.0
TSU,BEA,Canadian Grand Prix,fail,0.07499999999999929,2.366,9.0,4.459,18.247,18.172,49.3,2,1,MEDIUM,SOFT,67.0,68.0,11.0
HUL,ALO,Canadian Grand Prix,fail,0.1319999999999979,1.888,29.0,41.358,18.36,18.228,49.7,3,3,HARD,HARD,66.0,67.0,7.0
HUL,ALO,Canadian Grand Prix,fail,0.0470000000000006,1.888,28.0,30.062,18.36,18.313,49.7,3,3,HARD,HARD,66.0,68.0,7.0
HUL,ALO,Canadian Grand Prix,fail,0.12599999999999767,1.888,27.0,28.901,18.36,18.234,49.7,3,3,HARD,HARD,66.0,69.0,7.0
HUL,HUL,Canadian Grand Prix,fail,0.10099999999999909,0.0,-1.0,2.786,18.36,18.259,49.7,3,3,HARD,HARD,66.0,67.0,8.0
HUL,HUL,Canadian Grand Prix,fail,-0.045999999999999375,0.0,-2.0,2.644,18.36,18.406,49.7,3,3,HARD,HARD,66.0,68.0,8.0
HUL,HUL,Canadian Grand Prix,fail,0.0009999999999976694,0.0,-3.0,2.929,18.36,18.359,49.7,3,3,HARD,HARD,66.0,69.0,8.0
HUL,ALO,Canadian Grand Prix,fail,0.17199999999999704,2.786,29.0,28.901,18.406,18.234,49.6,3,3,HARD,HARD,68.0,69.0,7.0
OCO,OCO,Canadian Grand Prix,fail,-0.04199999999999804,0.0,-1.0,21.788,18.187,18.229,49.5,2,2,MEDIUM,MEDIUM,66.0,67.0,9.0
OCO,OCO,Canadian Grand Prix,fail,0.030000000000001137,0.0,-2.0,45.849,18.187,18.157,49.5,2,2,MEDIUM,MEDIUM,66.0,68.0,9.0
COL,TSU,Canadian Grand Prix,fail,-0.05999999999999872,0.975,41.0,2.776,18.187,18.247,49.5,3,2,HARD,MEDIUM,66.0,67.0,12.0
COL,TSU,Canadian Grand Prix,fail,-0.06299999999999883,0.975,40.0,2.06,18.187,18.25,49.5,3,2,HARD,MEDIUM,66.0,68.0,12.0
COL,COL,Canadian Grand Prix,fail,0.018000000000000682,0.0,-1.0,2.194,18.187,18.169,49.5,3,3,HARD,HARD,66.0,67.0,13.0
COL,COL,Canadian Grand Prix,fail,0.0,0.0,-2.0,1.679,18.187,18.187,49.5,3,3,HARD,HARD,66.0,68.0,13.0
COL,TSU,Canadian Grand Prix,fail,-0.08099999999999952,2.516,41.0,2.06,18.169,18.25,49.3,3,2,HARD,MEDIUM,67.0,68.0,12.0
HAM,PIA,Canadian Grand Prix,fail,0.39399999999999835,2.769,-1.0,0.049,23.613,23.219,50.0,2,2,MEDIUM,MEDIUM,15.0,16.0,7.0
BOR,TSU,Canadian Grand Prix,fail,0.01899999999999835,2.872,6.0,2.776,18.266,18.247,49.5,2,2,MEDIUM,MEDIUM,66.0,67.0,12.0
BOR,TSU,Canadian Grand Prix,fail,0.015999999999998238,2.872,5.0,2.06,18.266,18.25,49.5,2,2,MEDIUM,MEDIUM,66.0,68.0,12.0
BOR,COL,Canadian Grand Prix,fail,0.09699999999999775,1.897,-36.0,2.194,18.266,18.169,49.5,2,3,MEDIUM,HARD,66.0,67.0,13.0
BOR,COL,Canadian Grand Prix,fail,0.07899999999999707,1.897,-37.0,1.679,18.266,18.187,49.5,2,3,MEDIUM,HARD,66.0,68.0,13.0
BOR,BOR,Canadian Grand Prix,fail,-0.07200000000000273,0.0,-1.0,1.563,18.266,18.338,49.5,2,2,MEDIUM,MEDIUM,66.0,67.0,14.0
BOR,BOR,Canadian Grand Prix,fail,-0.04600000000000293,0.0,-2.0,1.759,18.266,18.312,49.5,2,2,MEDIUM,MEDIUM,66.0,68.0,14.0
BOR,COL,Canadian Grand Prix,fail,0.1509999999999998,0.921,-36.0,1.679,18.338,18.187,49.3,2,3,MEDIUM,HARD,67.0,68.0,13.0
SAI,OCO,Canadian Grand Prix,fail,0.036999999999999034,0.861,-1.0,21.788,18.266,18.229,49.5,2,2,MEDIUM,MEDIUM,66.0,67.0,9.0
SAI,OCO,Canadian Grand Prix,fail,0.10899999999999821,0.861,-2.0,45.849,18.266,18.157,49.5,2,2,MEDIUM,MEDIUM,66.0,68.0,9.0
SAI,SAI,Canadian Grand Prix,fail,0.013999999999999346,0.0,-1.0,0.947,18.266,18.252,49.5,2,2,MEDIUM,MEDIUM,66.0,67.0,10.0
SAI,SAI,Canadian Grand Prix,fail,0.125,0.0,-2.0,1.246,18.266,18.141,49.5,2,2,MEDIUM,MEDIUM,66.0,68.0,10.0
SAI,OCO,Canadian Grand Prix,fail,0.09499999999999886,0.556,-1.0,45.849,18.252,18.157,49.3,2,2,MEDIUM,MEDIUM,67.0,68.0,9.0
HAD,COL,Canadian Grand Prix,fail,-0.48400000000000176,2.102,-6.0,6.428,24.063,24.547,50.1,2,2,MEDIUM,MEDIUM,13.0,14.0,19.0
HAD,GAS,Canadian Grand Prix,fail,5.466000000000001,1.282,40.0,1.3,23.681,18.215,49.5,3,2,HARD,MEDIUM,66.0,67.0,15.0
HAD,GAS,Canadian Grand Prix,fail,5.556000000000001,1.282,39.0,2.0,23.681,18.125,49.5,3,2,HARD,MEDIUM,66.0,68.0,15.0
HAD,BOR,Canadian Grand Prix,fail,5.343,1.966,36.0,1.563,23.681,18.338,49.5,3,2,HARD,MEDIUM,66.0,67.0,14.0
HAD,BOR,Canadian Grand Prix,fail,5.369,1.966,35.0,1.759,23.681,18.312,49.5,3,2,HARD,MEDIUM,66.0,68.0,14.0
HAD,HAD,Canadian Grand Prix,fail,5.356000000000002,0.0,50.0,6.467,23.681,18.325,49.5,3,1,HARD,SOFT,66.0,67.0,16.0
HAD,HAD,Canadian Grand Prix,fail,5.384,0.0,49.0,2.635,23.681,18.297,49.5,3,1,HARD,SOFT,66.0,68.0,16.0
PIA,ANT,Canadian Grand Prix,fail,7.527000000000001,1.243,-8.0,1.137,26.454,18.927,49.5,3,3,HARD,HARD,67.0,68.0,3.0
PIA,ANT,Canadian Grand Prix,fail,8.189,1.243,-9.0,1.098,26.454,18.265,49.5,3,3,HARD,HARD,67.0,69.0,3.0
BEA,BEA,Canadian Grand Prix,fail,9.733,0.0,47.0,20.934,27.937,18.204,49.5,3,1,HARD,SOFT,66.0,67.0,11.0
BEA,BEA,Canadian Grand Prix,fail,9.765,0.0,46.0,4.459,27.937,18.172,49.5,3,1,HARD,SOFT,66.0,68.0,11.0
HUL,COL,Austrian Grand Prix,success,-1.7810000000000024,2.21,-1.0,1.557,21.188,22.969,49.1,1,1,SOFT,SOFT,12.0,13.0,14.0
BEA,COL,Austrian Grand Prix,success,-0.9849999999999994,-0.689,-2.0,1.557,21.984,22.969,49.2,1,1,SOFT,SOFT,11.0,13.0,14.0
GAS,BEA,Austrian Grand Prix,fail,0.3910000000000018,2.038,-2.0,0.486,22.172,21.781,48.3,3,3,HARD,HARD,38.0,39.0,10.0
ANT,LEC,British Grand Prix,fail,-0.36699999999999733,-0.244,-3.0,0.204,28.722,29.089,24.3,3,2,HARD,MEDIUM,9.0,10.0,13.0
ALO,RUS,British Grand Prix,fail,0.3569999999999993,1.291,-2.0,3.807,28.582,28.225,23.4,4,4,INTERMEDIATE,INTERMEDIATE,37.0,38.0,6.0
STR,ALB,British Grand Prix,success,-0.3890000000000029,2.884,-8.0,0.82,28.865,29.254,24.1,1,4,SOFT,INTERMEDIATE,10.0,12.0,3.0
HAM,HUL,British Grand Prix,fail,-0.9349999999999987,2.488,-3.0,32.073,29.198,30.133,23.6,4,4,INTERMEDIATE,INTERMEDIATE,41.0,42.0,3.0
BEA,OCO,British Grand Prix,success,0.4209999999999994,-0.651,7.0,1.821,29.079,28.658,23.6,4,4,INTERMEDIATE,INTERMEDIATE,41.0,42.0,7.0
HAM,BEA,Belgian Grand Prix,success,-1.1409999999999982,1.133,10.0,0.27,23.234,24.375,25.4,4,2,INTERMEDIATE,MEDIUM,11.0,12.0,12.0
ALO,ANT,Belgian Grand Prix,fail,0.5189999999999984,1.737,0.0,5.175,23.625,23.106,24.7,2,2,MEDIUM,MEDIUM,29.0,30.0,14.0
PIA,LEC,Hungarian Grand Prix,fail,-0.1390000000000029,2.508,-1.0,10.0,21.141,21.28,31.5,2,2,MEDIUM,MEDIUM,18.0,19.0,1.0
OCO,SAI,Hungarian Grand Prix,fail,0.6819999999999986,2.29,-1.0,0.863,22.416,21.734,31.2,2,1,MEDIUM,SOFT,14.0,15.0,14.0
COL,ALB,Hungarian Grand Prix,fail,8.912999999999997,1.749,-1.0,0.726,30.205,21.292,30.8,2,1,MEDIUM,SOFT,13.0,14.0,17.0
COL,OCO,Hungarian Grand Prix,fail,7.788999999999998,2.401,-1.0,0.576,30.205,22.416,30.8,2,2,MEDIUM,MEDIUM,13.0,14.0,16.0
COL,ALB,Hungarian Grand Prix,fail,3.527000000000001,2.916,-2.0,0.675,26.234,22.707,32.0,3,2,HARD,MEDIUM,35.0,38.0,15.0
ANT,LEC,Dutch Grand Prix,unknown,-7.364999999999998,2.175,-3.0,5.596,17.635,25.0,28.3,3,3,HARD,HARD,51.0,52.0,5.0
ALO,TSU,Dutch Grand Prix,success,-0.9420000000000002,1.168,-1.0,2.237,17.381,18.323,27.2,2,1,MEDIUM,SOFT,18.0,19.0,12.0
LEC,HAD,Dutch Grand Prix,fail,-0.24299999999999855,1.152,-1.0,3.471,17.149,17.392,26.5,2,2,MEDIUM,MEDIUM,22.0,23.0,4.0
BEA,TSU,Italian Grand Prix,success,0.847999999999999,1.007,-1.0,1.514,25.171,24.323,44.1,2,2,MEDIUM,MEDIUM,18.0,19.0,14.0
STR,OCO,Italian Grand Prix,fail,7.859999999999999,2.266,-1.0,0.724,38.527,30.667,40.9,3,3,HARD,HARD,49.0,51.0,9.0
ANT,LAW,Azerbaijan Grand Prix,success,0.5199999999999996,0.463,-3.0,0.543,20.658,20.138,25.0,2,2,MEDIUM,MEDIUM,18.0,20.0,5.0
NOR,TSU,Azerbaijan Grand Prix,fail,1.6700000000000017,1.935,-1.0,12.419,21.934,20.264,25.0,2,3,MEDIUM,HARD,37.0,38.0,3.0
HUL,STR,Azerbaijan Grand Prix,success,-1.7710000000000008,2.077,-4.0,0.701,20.015,21.786,25.2,3,2,HARD,MEDIUM,36.0,37.0,14.0
LAW,SAI,Singapore Grand Prix,fail,0.1529999999999987,-0.886,-2.0,1.403,24.183,24.03,34.0,2,2,MEDIUM,MEDIUM,48.0,50.0,12.0
ANT,RUS,Mexico City Grand Prix,fail,2.100999999999999,1.259,2.0,2.417,24.554,22.453,49.1,2,2,MEDIUM,MEDIUM,47.0,48.0,4.0
PIA,RUS,Mexico City Grand Prix,fail,0.7729999999999997,1.221,-1.0,6.067,23.191,22.418,50.7,1,1,SOFT,SOFT,24.0,25.0,4.0
PIA,RUS,Mexico City Grand Prix,fail,-0.2480000000000011,1.862,0.0,2.417,22.205,22.453,49.1,2,2,MEDIUM,MEDIUM,47.0,48.0,4.0
GAS,LAW,São Paulo Grand Prix,success,0.6760000000000019,0.651,-1.0,0.109,23.498,22.822,30.9,1,1,SOFT,SOFT,18.0,19.0,9.0
ALB,HUL,São Paulo Grand Prix,fail,0.08000000000000185,1.303,5.0,3.274,23.047,22.967,30.3,2,2,MEDIUM,MEDIUM,35.0,36.0,6.0
SAI,GAS,São Paulo Grand Prix,fail,2.4369999999999976,1.803,-4.0,0.377,25.935,23.498,30.8,1,1,SOFT,SOFT,17.0,18.0,11.0
HAD,GAS,São Paulo Grand Prix,success,-0.5380000000000003,-0.697,4.0,2.038,23.08,23.618,30.3,2,2,MEDIUM,MEDIUM,37.0,39.0,8.0
BEA,HAD,São Paulo Grand Prix,success,-0.13599999999999923,1.287,-2.0,0.278,23.645,23.781,30.8,1,1,SOFT,SOFT,17.0,18.0,7.0
SAI,LEC,Las Vegas Grand Prix,fail,-0.19000000000000128,-0.563,-2.0,0.476,21.163,21.353,17.4,2,2,MEDIUM,MEDIUM,22.0,24.0,4.0
HAM,HUL,Las Vegas Grand Prix,fail,-0.745000000000001,0.801,-1.0,3.196,21.622,22.367,17.2,3,3,HARD,HARD,29.0,30.0,5.0
ALO,BEA,Las Vegas Grand Prix,success,-0.5279999999999987,1.832,-1.0,3.372,21.036,21.564,17.6,2,2,MEDIUM,MEDIUM,16.0,17.0,11.0
TSU,GAS,Las Vegas Grand Prix,success,-2.535,0.0,-1.0,0.497,21.312,23.847,18.2,2,2,MEDIUM,MEDIUM,1.0,2.0,17.0
TSU,LAW,Las Vegas Grand Prix,success,-11.505999999999997,0.0,-1.0,8.194,21.312,32.818,18.2,2,2,MEDIUM,MEDIUM,1.0,2.0,16.0
COL,TSU,Las Vegas Grand Prix,fail,2.0279999999999987,-0.536,-1.0,0.941,22.848,20.82,17.3,3,3,HARD,HARD,25.0,27.0,16.0
BOR,GAS,Las Vegas Grand Prix,unknown,9.375999999999998,0.0,-1.0,0.497,33.223,23.847,18.2,3,2,HARD,MEDIUM,1.0,2.0,17.0
BOR,LAW,Las Vegas Grand Prix,unknown,0.40500000000000114,0.0,-1.0,8.194,33.223,32.818,18.2,3,2,HARD,MEDIUM,1.0,2.0,16.0
PIA,LEC,Las Vegas Grand Prix,success,0.04299999999999926,1.622,-3.0,0.476,21.396,21.353,17.4,2,2,MEDIUM,MEDIUM,21.0,24.0,4.0
HUL,ALB,Abu Dhabi Grand Prix,success,-0.060000000000002274,1.817,-1.0,0.323,21.548,21.608,31.5,1,1,SOFT,SOFT,7.0,8.0,17.0
BOR,ALO,Abu Dhabi Grand Prix,fail,-1.3230000000000004,1.843,-2.0,4.518,22.035,23.358,30.8,2,2,MEDIUM,MEDIUM,15.0,16.0,5.0
